pair_id,capstone_id,pmid,bucket,cosine_sim,r1_rating,r1_method,r2_rating,r2_method,adj_rating,adj_method,adjudication_rule,rubric_fix,method_c_rating,method_c_method
pair_001,cap_0180,34879406,ambiguous,0.7397,2,partial,1,no,2,partial,lead-pick-R1(1pt),,1,no
pair_002,cap_0181,32386168,misaligned,0.5286,0,no,0,no,0,no,agree,,0,no
pair_003,cap_0023,40674858,ambiguous,0.6128,0,no,1,no,0,no,lead-pick-R1(1pt),,0,no
pair_004,cap_0008,34504260,misaligned,0.5438,1,partial,1,partial,1,partial,agree,,0,no
pair_005,cap_0039,33861206,misaligned,0.5421,0,no,1,no,0,no,lead-pick-R1(1pt),,0,no
pair_006,cap_0069,37385326,aligned,0.7279,2,yes,2,partial,2,yes,agree,,2,partial
pair_007,cap_0050,31710668,aligned,0.8635,2,partial,1,no,2,partial,lead-pick-R1(1pt),,,
pair_008,cap_0069,37625508,aligned,0.7631,3,yes,2,partial,3,yes,lead-pick-R1(1pt),,2,partial
pair_009,cap_0184,40435811,ambiguous,0.6951,2,partial,1,no,2,partial,lead-pick-R1(1pt),,1,no
pair_010,cap_0249,38901268,ambiguous,0.6003,2,partial,1,no,2,partial,lead-pick-R1(1pt),,1,no
pair_011,cap_0007,38345954,misaligned,0.4673,0,no,0,no,0,no,agree,,0,no
pair_012,cap_0120,40467758,misaligned,0.54,0,no,0,no,0,no,agree,,0,no
pair_013,cap_0158,31914472,ambiguous,0.6144,0,no,1,no,0,no,lead-pick-R1(1pt),,0,no
pair_014,cap_0281,38387198,ambiguous,0.624,2,no,1,no,2,no,lead-pick-R1(1pt),,0,no
pair_015,cap_0154,34563692,aligned,0.6009,0,partial,2,partial,1,partial,adj:rounded-mean(tie->R1),,2,no
pair_016,cap_0202,33694144,ambiguous,0.6814,1,partial,1,no,1,partial,agree,,1,no
pair_017,cap_0146,33434138,misaligned,0.5415,0,no,0,no,0,no,agree,,0,no
pair_018,cap_0280,32763889,misaligned,0.5429,2,no,1,no,2,no,lead-pick-R1(1pt),,0,no
pair_019,cap_0089,32976111,aligned,0.6267,2,partial,2,partial,2,partial,agree,,2,partial
pair_020,cap_0061,32968800,aligned,0.7012,2,yes,2,partial,2,yes,agree,,2,partial
pair_021,cap_0029,40056434,ambiguous,0.6226,0,no,1,no,0,no,lead-pick-R1(1pt),,0,no
pair_022,cap_0206,39331460,misaligned,0.5421,0,no,0,no,0,no,agree,,0,no
pair_023,cap_0004,38531676,ambiguous,0.6346,0,no,1,no,0,no,lead-pick-R1(1pt),,0,no
pair_024,cap_0220,39196745,misaligned,0.521,1,no,0,no,1,no,lead-pick-R1(1pt),,0,no
pair_025,cap_0015,33990692,misaligned,0.548,,,0,no,0,no,R1-abstained->R2,,0,no
pair_026,cap_0280,40602775,ambiguous,0.6278,1,no,1,no,1,no,agree,,0,no
pair_027,cap_0200,35389359,ambiguous,0.6367,1,no,1,no,1,no,agree,,1,no
pair_028,cap_0075,38787660,ambiguous,0.6828,2,no,1,no,2,no,lead-pick-R1(1pt),,0,no
pair_029,cap_0164,39214159,aligned,0.7355,2,partial,2,partial,2,partial,agree,,2,partial
pair_030,cap_0019,35675838,aligned,0.6783,2,partial,1,no,2,partial,lead-pick-R1(1pt),,2,partial
pair_031,cap_0195,36242855,ambiguous,0.5485,0,no,1,no,0,no,lead-pick-R1(1pt),,1,no
pair_032,cap_0190,36367914,misaligned,0.5486,0,no,0,no,0,no,agree,,0,no
pair_033,cap_0272,39820131,aligned,0.7182,2,partial,2,partial,2,partial,agree,,2,partial
pair_034,cap_0073,39778706,aligned,0.7616,2,partial,2,partial,2,partial,agree,,2,partial
pair_035,cap_0079,37294651,ambiguous,0.5622,,,0,no,0,no,R1-abstained->R2,,0,no
pair_036,cap_0134,37527596,ambiguous,0.6635,1,no,1,no,1,no,agree,,0,no
pair_037,cap_0257,33887589,misaligned,0.5117,1,no,1,no,1,no,agree,,0,no
pair_038,cap_0034,36064112,ambiguous,0.5917,1,partial,1,no,1,partial,agree,,1,partial
pair_039,cap_0115,33716168,misaligned,0.5481,0,no,1,no,0,no,lead-pick-R1(1pt),,0,no
pair_040,cap_0277,32335225,ambiguous,0.6714,1,no,1,no,1,no,agree,,1,no
pair_041,cap_0022,35788693,ambiguous,0.6033,1,partial,2,partial,1,partial,lead-pick-R1(1pt),,0,no
pair_042,cap_0048,36963450,ambiguous,0.5705,0,no,0,no,0,no,agree,,0,no
pair_043,cap_0129,33905340,misaligned,0.529,0,no,0,no,0,no,agree,,0,no
pair_044,cap_0099,32623329,aligned,0.6822,2,yes,1,no,2,yes,lead-pick-R1(1pt),,2,no
pair_045,cap_0161,34152274,aligned,0.7276,2,no,2,partial,2,no,agree,,2,yes
pair_046,cap_0073,33862232,aligned,0.7294,2,partial,2,partial,2,partial,agree,,2,partial
pair_047,cap_0201,33750739,misaligned,0.5476,0,no,1,no,0,no,lead-pick-R1(1pt),,0,no
pair_048,cap_0139,35552166,aligned,0.6918,2,partial,1,no,2,partial,lead-pick-R1(1pt),,2,no
pair_049,cap_0276,39509952,ambiguous,0.5964,2,no,1,no,2,no,lead-pick-R1(1pt),,1,no
pair_050,cap_0033,31380772,ambiguous,0.5368,0,no,0,no,0,no,agree,,0,no
pair_051,cap_0131,32905027,ambiguous,0.6102,1,no,1,no,1,no,agree,,0,no
pair_052,cap_0128,38272432,misaligned,0.5401,1,no,0,no,1,no,lead-pick-R1(1pt),,0,no
pair_053,cap_0175,36452980,aligned,0.6649,2,partial,2,partial,2,partial,agree,,2,partial
pair_054,cap_0099,33895377,aligned,0.556,2,partial,2,partial,2,partial,agree,,2,partial
pair_055,cap_0278,32688290,aligned,0.7562,3,partial,3,partial,3,partial,agree,,2,no
pair_056,cap_0128,36122593,ambiguous,0.5108,0,no,1,no,0,no,lead-pick-R1(1pt),,0,no
pair_057,cap_0176,31922491,ambiguous,0.6421,0,no,1,no,0,no,lead-pick-R1(1pt),,1,no
pair_058,cap_0197,39167120,ambiguous,0.7026,1,no,1,no,1,no,agree,,0,no
pair_059,cap_0275,36517582,ambiguous,0.6606,0,no,1,no,0,no,lead-pick-R1(1pt),,0,no
pair_060,cap_0183,33763847,ambiguous,0.6127,0,no,1,no,0,no,lead-pick-R1(1pt),,1,no
pair_061,cap_0076,40229513,aligned,0.7248,3,partial,2,partial,3,partial,lead-pick-R1(1pt),,2,partial
pair_062,cap_0231,40675605,ambiguous,0.6843,4,partial,1,no,3,partial,adj:rounded-mean(tie->R1),,1,no
pair_063,cap_0145,38252469,ambiguous,0.5917,1,no,1,no,1,no,agree,,0,no
pair_064,cap_0122,33493631,ambiguous,0.6437,1,no,0,no,1,no,lead-pick-R1(1pt),,1,no
pair_065,cap_0063,39048085,ambiguous,0.6744,0,no,2,partial,1,no,adj:rounded-mean(tie->R1),,0,no
pair_066,cap_0143,38412077,misaligned,0.4754,0,no,0,no,0,no,agree,,0,no
pair_067,cap_0243,32531724,ambiguous,0.6352,1,no,1,no,1,no,agree,,0,no
pair_068,cap_0040,37075802,ambiguous,0.5867,2,no,1,no,2,no,lead-pick-R1(1pt),,1,no
pair_069,cap_0115,39560363,ambiguous,0.5598,3,no,1,no,1,no,adj:R1-rubric-inconsistent->R2,,1,no
pair_070,cap_0024,40402698,misaligned,0.547,0,no,0,no,0,no,agree,,0,no
pair_071,cap_0247,39038795,aligned,0.7192,3,partial,1,no,2,partial,adj:rounded-mean(tie->R1),,2,no
pair_072,cap_0130,38916936,misaligned,0.5414,1,no,1,no,1,no,agree,,0,no
pair_073,cap_0241,41266569,misaligned,0.5375,1,no,0,no,1,no,lead-pick-R1(1pt),,0,no
pair_074,cap_0046,32258430,ambiguous,0.6385,3,no,0,no,0,no,adj:R1-rubric-inconsistent->R2,,0,no
pair_075,cap_0182,40359576,ambiguous,0.6724,1,partial,1,no,1,partial,agree,,1,no
pair_076,cap_0128,39179311,ambiguous,0.5597,0,no,0,no,0,no,agree,,0,no
pair_077,cap_0244,35939479,ambiguous,0.632,0,no,1,no,0,no,lead-pick-R1(1pt),,1,no
pair_078,cap_0127,39137666,ambiguous,0.6789,3,no,1,no,1,no,adj:R1-rubric-inconsistent->R2,,1,no
pair_079,cap_0184,37015504,misaligned,0.5463,1,no,0,no,1,no,lead-pick-R1(1pt),,0,no
pair_080,cap_0229,38520907,ambiguous,0.5975,0,no,1,no,0,no,lead-pick-R1(1pt),,0,no
pair_081,cap_0092,32935131,aligned,0.7458,1,no,1,no,1,no,agree,,2,no
pair_082,cap_0222,35108740,ambiguous,0.6598,0,no,1,no,0,no,lead-pick-R1(1pt),,0,no
pair_083,cap_0089,40886713,aligned,0.7084,3,partial,2,partial,3,partial,lead-pick-R1(1pt),,2,partial
pair_084,cap_0031,41188115,ambiguous,0.5832,1,no,1,no,1,no,agree,,1,no
pair_085,cap_0196,36737644,ambiguous,0.6363,0,no,1,no,0,no,lead-pick-R1(1pt),,1,no
pair_086,cap_0149,40031173,misaligned,0.5317,0,no,0,no,0,no,agree,,0,no
pair_087,cap_0235,37027579,ambiguous,0.5566,0,no,1,no,0,no,lead-pick-R1(1pt),,0,no
pair_088,cap_0179,37018897,aligned,0.7007,1,no,1,no,1,no,agree,,2,no
pair_089,cap_0043,39560363,ambiguous,0.5873,0,no,1,no,0,no,lead-pick-R1(1pt),,0,no
pair_090,cap_0234,35213319,ambiguous,0.5074,1,no,0,no,1,no,lead-pick-R1(1pt),,0,no
pair_091,cap_0061,40997848,aligned,0.7455,3,partial,2,partial,3,partial,lead-pick-R1(1pt),,2,no
pair_092,cap_0137,37419042,misaligned,0.5207,0,partial,1,no,0,partial,lead-pick-R1(1pt),,0,no
pair_093,cap_0179,39208311,ambiguous,0.6368,0,no,1,no,0,no,lead-pick-R1(1pt),,1,no
pair_094,cap_0222,37257630,ambiguous,0.6087,3,no,0,no,0,no,adj:R1-rubric-inconsistent->R2,,0,no
pair_095,cap_0131,35868813,aligned,0.6724,1,no,1,no,1,no,agree,,2,no
pair_096,cap_0218,34156956,misaligned,0.5359,0,no,0,no,0,no,agree,,0,no
pair_097,cap_0047,37955965,ambiguous,0.6398,0,no,1,no,0,no,lead-pick-R1(1pt),,1,no
pair_098,cap_0016,35414651,ambiguous,0.5356,0,no,0,no,0,no,agree,,0,no
pair_099,cap_0091,34000481,ambiguous,0.5872,0,no,1,no,0,no,lead-pick-R1(1pt),,1,no
pair_100,cap_0018,37596488,misaligned,0.5291,0,no,1,no,0,no,lead-pick-R1(1pt),,0,no
