bucket,capstone_id,pmid,cosine_sim
Q1,cap_0128,39179311,0.559728741645813
Q1,cap_0269,34255676,0.579566240310669
Q1,cap_0190,36367914,0.5486469268798828
Q1,cap_0137,32711124,0.5813875198364258
Q1,cap_0131,36084537,0.5565711259841919
Q1,cap_0219,39393124,0.5814473032951355
Q1,cap_0030,33459597,0.5760974884033203
Q1,cap_0099,33895377,0.5559632182121277
Q1,cap_0033,31380772,0.536819577217102
Q1,cap_0206,39331460,0.5421187281608582
Q1,cap_0036,40274037,0.5753854513168335
Q1,cap_0143,38412077,0.47541993856430054
Q1,cap_0128,38272432,0.5400770902633667
Q1,cap_0230,33334574,0.5325021743774414
Q1,cap_0115,39560363,0.5598085522651672
Q1,cap_0200,35568691,0.5796727538108826
Q1,cap_0234,35213319,0.5074039697647095
Q1,cap_0039,33861206,0.5421050786972046
Q1,cap_0253,37314842,0.516710638999939
Q1,cap_0278,35439153,0.5603692531585693
Q1,cap_0048,36963450,0.5704941749572754
Q1,cap_0262,38564357,0.5604668259620667
Q1,cap_0255,36335031,0.5416490435600281
Q1,cap_0024,40402698,0.5469702482223511
Q1,cap_0031,41188115,0.5831824541091919
Q1,cap_0235,37027579,0.5566016435623169
Q1,cap_0223,38531255,0.576846718788147
Q1,cap_0038,33677514,0.5688013434410095
Q1,cap_0215,31880570,0.5815063714981079
Q1,cap_0026,38349827,0.5624822974205017
Q1,cap_0057,33631381,0.5811134576797485
Q1,cap_0152,40366850,0.5373626947402954
Q1,cap_0201,32643779,0.5109065175056458
Q1,cap_0146,33434138,0.5414501428604126
Q1,cap_0149,31581104,0.5604694485664368
Q1,cap_0079,37294651,0.5621538162231445
Q1,cap_0260,32049356,0.571914792060852
Q1,cap_0221,37164356,0.548117995262146
Q1,cap_0181,32386168,0.5286441445350647
Q1,cap_0217,34665748,0.5733658075332642
Q1,cap_0016,35414651,0.5355554223060608
Q1,cap_0235,38325409,0.545091450214386
Q1,cap_0149,40031173,0.5317424535751343
Q1,cap_0119,31682253,0.5536497831344604
Q1,cap_0130,33119515,0.5316803455352783
Q1,cap_0138,36168038,0.571114718914032
Q1,cap_0174,31443057,0.5558061599731445
Q1,cap_0013,34800722,0.562241792678833
Q1,cap_0215,39412973,0.550790011882782
Q1,cap_0048,38366906,0.5468254685401917
Q1,cap_0184,37015504,0.5463154315948486
Q1,cap_0257,33887589,0.5116872191429138
Q1,cap_0195,32853795,0.5280846357345581
Q1,cap_0114,39657401,0.5735096335411072
Q1,cap_0130,38916936,0.5413821935653687
Q1,cap_0136,32305948,0.5579202175140381
Q1,cap_0264,35216746,0.5663044452667236
Q1,cap_0144,38564961,0.420306921005249
Q1,cap_0209,34357872,0.5690767168998718
Q1,cap_0211,40273596,0.5820040702819824
Q1,cap_0120,40467758,0.5399507880210876
Q1,cap_0115,33716168,0.5481189489364624
Q1,cap_0218,34156956,0.5359368920326233
Q1,cap_0014,40373305,0.5468305945396423
Q1,cap_0177,34309573,0.5669585466384888
Q1,cap_0195,37647884,0.580702006816864
Q1,cap_0232,32123864,0.5812718272209167
Q1,cap_0015,33990692,0.5480225682258606
Q1,cap_0072,32692845,0.5195966958999634
Q1,cap_0017,40269244,0.5492751598358154
Q1,cap_0279,39589775,0.5733180046081543
Q1,cap_0214,36963906,0.5146471261978149
Q1,cap_0007,38345954,0.467312753200531
Q1,cap_0241,36150779,0.531398594379425
Q1,cap_0201,33750739,0.5475754737854004
Q1,cap_0128,36122593,0.5107763409614563
Q1,cap_0241,41266569,0.5375310182571411
Q1,cap_0039,40517323,0.5060650706291199
Q1,cap_0114,33378704,0.5720615386962891
Q1,cap_0011,37022917,0.5668735504150391
Q1,cap_0017,31403448,0.5747243165969849
Q1,cap_0143,33910260,0.5252743363380432
Q1,cap_0280,32763889,0.542903482913971
Q1,cap_0129,33905340,0.5289965271949768
Q1,cap_0091,38789723,0.5776488184928894
Q1,cap_0226,37236694,0.5279000997543335
Q1,cap_0174,35948612,0.5737629532814026
Q1,cap_0192,33328089,0.5711897611618042
Q1,cap_0137,37419042,0.5206747651100159
Q1,cap_0220,39196745,0.5210456848144531
Q1,cap_0123,35641135,0.5805452466011047
Q1,cap_0110,35652165,0.5661486983299255
Q1,cap_0211,38879663,0.559465765953064
Q1,cap_0024,40082585,0.5522677302360535
Q1,cap_0195,36242855,0.5484548807144165
Q1,cap_0101,39058614,0.5614902377128601
Q1,cap_0016,38871012,0.5713709592819214
Q1,cap_0154,33603132,0.5617229342460632
Q1,cap_0131,34628257,0.48915767669677734
Q1,cap_0234,37527302,0.5358706712722778
Q2,cap_0183,33763847,0.6127198934555054
Q2,cap_0130,34010406,0.6047724485397339
Q2,cap_0045,31790857,0.6154459118843079
Q2,cap_0222,37257630,0.608727753162384
Q2,cap_0019,32780704,0.605187177658081
Q2,cap_0038,37093722,0.5879218578338623
Q2,cap_0094,41100230,0.5871162414550781
Q2,cap_0136,37247470,0.6074091196060181
Q2,cap_0169,38065557,0.6164661049842834
Q2,cap_0050,37037255,0.6196997761726379
Q2,cap_0091,34000481,0.5872103571891785
Q2,cap_0131,32905027,0.6102429628372192
Q2,cap_0023,41102392,0.6016309857368469
Q2,cap_0111,38497958,0.6038646101951599
Q2,cap_0235,40460029,0.5875709652900696
Q2,cap_0183,37352900,0.5902976989746094
Q2,cap_0037,34229061,0.617816150188446
Q2,cap_0034,36064112,0.5916967988014221
Q2,cap_0047,35124236,0.6101686954498291
Q2,cap_0135,33271341,0.6160027980804443
Q2,cap_0223,35728358,0.6151939630508423
Q2,cap_0130,32969000,0.5904273390769958
Q2,cap_0083,37126377,0.6187374591827393
Q2,cap_0246,40148008,0.6052439212799072
Q2,cap_0134,40030432,0.5971234440803528
Q2,cap_0197,32348469,0.6159169673919678
Q2,cap_0078,32540845,0.6143574118614197
Q2,cap_0026,37163956,0.6177232265472412
Q2,cap_0234,40750683,0.5961391925811768
Q2,cap_0208,35290190,0.6132922172546387
Q2,cap_0152,36607712,0.6161117553710938
Q2,cap_0171,37968446,0.6007767915725708
Q2,cap_0217,37087108,0.5865484476089478
Q2,cap_0007,34549294,0.6073589324951172
Q2,cap_0206,37311708,0.6037477850914001
Q2,cap_0124,33328077,0.5837056636810303
Q2,cap_0285,41248319,0.6147909164428711
Q2,cap_0006,36048021,0.606783390045166
Q2,cap_0249,38901268,0.6003100275993347
Q2,cap_0268,38906614,0.6090618371963501
Q2,cap_0145,38252469,0.5917478799819946
Q2,cap_0028,34990941,0.5925845503807068
Q2,cap_0079,38833299,0.6024034023284912
Q2,cap_0189,34998740,0.5873225331306458
Q2,cap_0026,35799406,0.6031205654144287
Q2,cap_0169,33211862,0.6086520552635193
Q2,cap_0132,36322123,0.6136552095413208
Q2,cap_0090,37086959,0.609181821346283
Q2,cap_0093,40036458,0.6058322787284851
Q2,cap_0137,35325661,0.6023185849189758
Q2,cap_0157,40148011,0.5937178134918213
Q2,cap_0124,32663739,0.5843759775161743
Q2,cap_0145,37307721,0.5916033387184143
Q2,cap_0276,39509952,0.5963910222053528
Q2,cap_0229,38520907,0.597465455532074
Q2,cap_0138,35821515,0.6174114942550659
Q2,cap_0145,37488023,0.6073904037475586
Q2,cap_0082,32512209,0.6112620830535889
Q2,cap_0106,35536820,0.5874776840209961
Q2,cap_0200,37669210,0.5869385004043579
Q2,cap_0212,33479727,0.5858914852142334
Q2,cap_0131,40234671,0.5908061265945435
Q2,cap_0141,39427092,0.5884873867034912
Q2,cap_0101,35191847,0.5991566181182861
Q2,cap_0158,40816978,0.595538318157196
Q2,cap_0101,34018941,0.601177990436554
Q2,cap_0142,36050372,0.5867381691932678
Q2,cap_0228,32593010,0.5951801538467407
Q2,cap_0194,37027202,0.5961676836013794
Q2,cap_0128,38718670,0.595041036605835
Q2,cap_0158,31914472,0.614386796951294
Q2,cap_0087,32673791,0.6047360897064209
Q2,cap_0278,37704104,0.585102915763855
Q2,cap_0022,35788693,0.6032755374908447
Q2,cap_0040,37075802,0.5866987705230713
Q2,cap_0178,34797769,0.5921618342399597
Q2,cap_0222,34664647,0.5919454097747803
Q2,cap_0280,38865703,0.609093189239502
Q2,cap_0213,36731394,0.5927865505218506
Q2,cap_0231,37155395,0.6136274933815002
Q2,cap_0140,35788693,0.6148008108139038
Q2,cap_0043,39560363,0.5872941613197327
Q2,cap_0170,37204828,0.6029049754142761
Q2,cap_0193,35538215,0.6020333766937256
Q2,cap_0261,39722252,0.5863584876060486
Q2,cap_0057,36255273,0.6010895371437073
Q2,cap_0226,36828604,0.5855463147163391
Q2,cap_0165,40360731,0.5860344171524048
Q2,cap_0046,33542473,0.5881466865539551
Q2,cap_0079,40953713,0.6152472496032715
Q2,cap_0079,37890902,0.6198127865791321
Q2,cap_0012,40471744,0.6005685329437256
Q2,cap_0168,36587533,0.6108493804931641
Q2,cap_0229,37210229,0.6071788668632507
Q2,cap_0047,39779875,0.5971327424049377
Q2,cap_0272,34061758,0.5936617255210876
Q2,cap_0279,36462599,0.5918009877204895
Q2,cap_0023,40674858,0.6127877235412598
Q2,cap_0213,31390003,0.5874654054641724
Q2,cap_0263,36056245,0.6102826595306396
Q3,cap_0126,39965778,0.6435236930847168
Q3,cap_0176,31922491,0.6420704126358032
Q3,cap_0278,40205021,0.6509448289871216
Q3,cap_0070,35635827,0.6484389305114746
Q3,cap_0095,35165743,0.6271763443946838
Q3,cap_0178,31295129,0.6386046409606934
Q3,cap_0149,33180917,0.6510649919509888
Q3,cap_0243,32531724,0.6352069973945618
Q3,cap_0277,37399062,0.6284993886947632
Q3,cap_0232,40795950,0.6512298583984375
Q3,cap_0043,39965778,0.6360377073287964
Q3,cap_0085,40424619,0.6351639628410339
Q3,cap_0053,33509383,0.6381505727767944
Q3,cap_0244,35939479,0.6320372819900513
Q3,cap_0238,35504543,0.6512753963470459
Q3,cap_0238,39401254,0.6220080256462097
Q3,cap_0269,36329127,0.6238701343536377
Q3,cap_0248,34398799,0.6235491633415222
Q3,cap_0158,39561355,0.6410554647445679
Q3,cap_0280,40602775,0.6278253793716431
Q3,cap_0011,35595298,0.6340982913970947
Q3,cap_0041,38981834,0.6231139302253723
Q3,cap_0224,32339749,0.627206027507782
Q3,cap_0084,32890727,0.6232895255088806
Q3,cap_0051,36333514,0.6512673497200012
Q3,cap_0142,38395539,0.6219958662986755
Q3,cap_0271,33258788,0.6490917205810547
Q3,cap_0122,33493631,0.643653392791748
Q3,cap_0009,34030088,0.6454708576202393
Q3,cap_0041,38359876,0.6298172473907471
Q3,cap_0270,36473408,0.6410525441169739
Q3,cap_0187,36323282,0.6462933421134949
Q3,cap_0246,40695991,0.6539018750190735
Q3,cap_0165,33887457,0.6521741151809692
Q3,cap_0149,35435957,0.637970507144928
Q3,cap_0200,35389359,0.6367452144622803
Q3,cap_0047,37955965,0.6397519111633301
Q3,cap_0088,40582297,0.6329938173294067
Q3,cap_0179,39208311,0.6367868185043335
Q3,cap_0212,38458233,0.6419342756271362
Q3,cap_0043,37967936,0.6462073922157288
Q3,cap_0154,38833297,0.6229262948036194
Q3,cap_0098,32672680,0.6278353333473206
Q3,cap_0089,32976111,0.6267239451408386
Q3,cap_0136,36099018,0.6354267597198486
Q3,cap_0196,36040782,0.6250629425048828
Q3,cap_0076,38306850,0.6432321667671204
Q3,cap_0009,32570196,0.6372941136360168
Q3,cap_0220,37172264,0.637330949306488
Q3,cap_0254,38901270,0.6440077424049377
Q3,cap_0011,40966762,0.6403251886367798
Q3,cap_0037,34132644,0.6399177312850952
Q3,cap_0288,36990454,0.6495761275291443
Q3,cap_0043,35803894,0.6248759031295776
Q3,cap_0215,38431151,0.6269412040710449
Q3,cap_0122,38057261,0.6488244533538818
Q3,cap_0230,40514431,0.6379011273384094
Q3,cap_0115,33108313,0.6417311429977417
Q3,cap_0092,32750982,0.653704047203064
Q3,cap_0029,37032200,0.6359683275222778
Q3,cap_0149,38759477,0.6473047733306885
Q3,cap_0252,40659838,0.6500070691108704
Q3,cap_0046,32258430,0.6384903788566589
Q3,cap_0127,40527698,0.6454390287399292
Q3,cap_0281,38387198,0.6239938735961914
Q3,cap_0056,37665701,0.6516883969306946
Q3,cap_0187,35998814,0.6388636827468872
Q3,cap_0029,40056434,0.6225696802139282
Q3,cap_0086,37099371,0.635515034198761
Q3,cap_0135,36889339,0.6538687944412231
Q3,cap_0271,39757295,0.6400972604751587
Q3,cap_0004,38531676,0.634552001953125
Q3,cap_0227,34781009,0.6394158005714417
Q3,cap_0205,37220702,0.6338791847229004
Q3,cap_0037,40298903,0.6455608606338501
Q3,cap_0083,35545663,0.6249381303787231
Q3,cap_0120,40419253,0.6430997848510742
Q3,cap_0062,33596593,0.6461600065231323
Q3,cap_0151,40044019,0.6387492418289185
Q3,cap_0168,36638935,0.6546874046325684
Q3,cap_0282,34333626,0.6226546168327332
Q3,cap_0236,33001828,0.6260437965393066
Q3,cap_0127,36632861,0.6386361718177795
Q3,cap_0196,36737644,0.6362842917442322
Q3,cap_0176,38381640,0.6440914273262024
Q3,cap_0219,41454006,0.6335023641586304
Q3,cap_0223,37087108,0.638978123664856
Q3,cap_0071,37352394,0.6479141116142273
Q3,cap_0150,39626227,0.6276898384094238
Q3,cap_0227,33418439,0.63646000623703
Q3,cap_0270,35121356,0.6352205276489258
Q3,cap_0093,40030301,0.6264247298240662
Q3,cap_0041,32333757,0.6216027736663818
Q3,cap_0172,34649111,0.6367760300636292
Q3,cap_0086,35688333,0.6214022636413574
Q3,cap_0108,39384452,0.648357629776001
Q3,cap_0045,40640575,0.6455601453781128
Q3,cap_0006,37100542,0.6273232102394104
Q3,cap_0282,40753860,0.6372450590133667
Q3,cap_0271,35838764,0.6315663456916809
Q4,cap_0083,39746430,0.6652562618255615
Q4,cap_0046,35167977,0.6938544511795044
Q4,cap_0081,40523638,0.6864045858383179
Q4,cap_0032,34880410,0.6599205732345581
Q4,cap_0182,40707735,0.6835384964942932
Q4,cap_0055,32396109,0.6566187739372253
Q4,cap_0096,39843957,0.69172203540802
Q4,cap_0054,40030494,0.6956962943077087
Q4,cap_0072,41412453,0.6863414645195007
Q4,cap_0225,35190834,0.6829023361206055
Q4,cap_0187,37615994,0.68609619140625
Q4,cap_0218,40153891,0.6569511890411377
Q4,cap_0099,32623329,0.6821792125701904
Q4,cap_0287,39059887,0.6756728887557983
Q4,cap_0182,40359576,0.6723686456680298
Q4,cap_0065,31862610,0.6900577545166016
Q4,cap_0092,32935131,0.7458246350288391
Q4,cap_0172,37178780,0.6556215286254883
Q4,cap_0205,38714751,0.6666713953018188
Q4,cap_0186,33094346,0.6649790406227112
Q4,cap_0264,37851554,0.6660584807395935
Q4,cap_0202,37257883,0.6889653205871582
Q4,cap_0113,37729837,0.7078179121017456
Q4,cap_0107,33043149,0.6596662998199463
Q4,cap_0175,36452980,0.6649408340454102
Q4,cap_0061,40997848,0.7454825639724731
Q4,cap_0194,35597101,0.6596165299415588
Q4,cap_0267,33598905,0.6629860401153564
Q4,cap_0194,35763469,0.6585506200790405
Q4,cap_0136,41264861,0.6688135266304016
Q4,cap_0161,36007785,0.7031794786453247
Q4,cap_0133,39557985,0.6605417132377625
Q4,cap_0278,39401254,0.659838080406189
Q4,cap_0148,37468605,0.6724603176116943
Q4,cap_0197,39167120,0.7025892734527588
Q4,cap_0075,33566093,0.7333983182907104
Q4,cap_0231,40675605,0.6843416690826416
Q4,cap_0271,39965433,0.6574897170066833
Q4,cap_0075,38787660,0.6828135251998901
Q4,cap_0067,35304561,0.698415994644165
Q4,cap_0097,37952206,0.6692600846290588
Q4,cap_0184,40435811,0.695103645324707
Q4,cap_0113,35642997,0.6879368424415588
Q4,cap_0054,33328058,0.7071396708488464
Q4,cap_0179,37018897,0.7007149457931519
Q4,cap_0148,40617017,0.6584367156028748
Q4,cap_0246,36603838,0.6907816529273987
Q4,cap_0239,40885281,0.6698305606842041
Q4,cap_0178,36517410,0.6823811531066895
Q4,cap_0227,35379593,0.6843540668487549
Q4,cap_0155,34192772,0.6704750061035156
Q4,cap_0202,33694144,0.6813646554946899
Q4,cap_0067,35864312,0.708771824836731
Q4,cap_0127,39137666,0.6789232492446899
Q4,cap_0089,40886713,0.7084161043167114
Q4,cap_0230,39612505,0.6567593812942505
Q4,cap_0180,34879406,0.739701509475708
Q4,cap_0245,35258475,0.6795806884765625
Q4,cap_0192,34741510,0.6691649556159973
Q4,cap_0076,40229513,0.7248370051383972
Q4,cap_0176,40482691,0.6770111918449402
Q4,cap_0044,35896817,0.6894458532333374
Q4,cap_0241,37164328,0.6970160603523254
Q4,cap_0127,32618999,0.6756614446640015
Q4,cap_0275,36517582,0.660614013671875
Q4,cap_0177,40424867,0.6717424392700195
Q4,cap_0089,36738870,0.655586838722229
Q4,cap_0277,36474423,0.6780018210411072
Q4,cap_0205,37276615,0.6888288259506226
Q4,cap_0054,40419254,0.6954628229141235
Q4,cap_0105,40274037,0.6705436110496521
Q4,cap_0272,39820131,0.7182484269142151
Q4,cap_0166,38331081,0.6554378867149353
Q4,cap_0161,34152274,0.7276186347007751
Q4,cap_0064,34261173,0.6724262237548828
Q4,cap_0247,40334344,0.6993104219436646
Q4,cap_0151,34433218,0.66978520154953
Q4,cap_0134,37527596,0.6634848713874817
Q4,cap_0185,37230406,0.6943092346191406
Q4,cap_0073,40298903,0.6925075650215149
Q4,cap_0063,39048085,0.6743977069854736
Q4,cap_0019,35675838,0.6782549619674683
Q4,cap_0047,38061186,0.6551253199577332
Q4,cap_0205,35301538,0.7071663737297058
Q4,cap_0038,37690911,0.6564604640007019
Q4,cap_0263,39039218,0.6912698745727539
Q4,cap_0266,37619395,0.679426908493042
Q4,cap_0227,39111243,0.6771973967552185
Q4,cap_0272,38244997,0.6785330772399902
Q4,cap_0118,38218129,0.6645450592041016
Q4,cap_0222,35108740,0.659801721572876
Q4,cap_0277,32335225,0.6714232563972473
Q4,cap_0247,39038795,0.7192040085792542
Q4,cap_0100,37331495,0.6811858415603638
Q4,cap_0225,36150641,0.7215694189071655
Q4,cap_0201,36692204,0.6765037178993225
Q4,cap_0161,39260412,0.6745843291282654
Q4,cap_0088,40498468,0.7028117179870605
Q4,cap_0221,34083743,0.6694799065589905
Q4,cap_0216,40334344,0.6712141633033752
Seed-T0->T3-r1,cap_0251,39631268,0.7323302030563354
Seed-T0->T3-r1,cap_0106,40479778,0.7123729586601257
Seed-T0->T3-r1,cap_0013,40058479,0.6204289197921753
Seed-T0->T3-r1,cap_0173,39865143,0.6688414812088013
Seed-T0->T5-r2,cap_0190,41100230,0.5561979413032532
Seed-T0->T5-r2,cap_0176,40056434,0.6917368173599243
Seed-T0->T5-r2,cap_0149,38519155,0.6543802618980408
Seed-T0->T5-r2,cap_0031,32271154,0.5840156674385071
Seed-T0->T8-r3,cap_0186,39426239,0.7393229603767395
Seed-T0->T8-r3,cap_0192,40817280,0.7021912932395935
Seed-T0->T8-r3,cap_0031,38960730,0.6257045269012451
Seed-T0->T8-r3,cap_0185,41387134,0.6892704963684082
Seed-T1->T4-r1,cap_0025,39443585,0.5535188317298889
Seed-T1->T4-r1,cap_0041,39702673,0.6123560667037964
Seed-T1->T4-r1,cap_0174,32750971,0.5565869212150574
Seed-T1->T4-r1,cap_0218,34325850,0.5246367454528809
Seed-T1->T6-r2,cap_0253,32283479,0.6128441691398621
Seed-T1->T6-r2,cap_0058,34842543,0.6217373013496399
Seed-T1->T6-r2,cap_0135,32130143,0.684091329574585
Seed-T1->T6-r2,cap_0253,38424186,0.6198650002479553
Seed-T1->T7-r3,cap_0242,32149701,0.5502672791481018
Seed-T1->T7-r3,cap_0024,38332372,0.6095762848854065
Seed-T1->T7-r3,cap_0062,36409538,0.6524848341941833
Seed-T1->T7-r3,cap_0269,34699990,0.5945215225219727
Seed-T2->T0-r1,cap_0001,32692845,0.44908085465431213
Seed-T2->T0-r1,cap_0010,33001154,0.6101184487342834
Seed-T2->T0-r1,cap_0256,33529153,0.5827106237411499
Seed-T2->T0-r1,cap_0288,36229593,0.5946507453918457
Seed-T2->T27-r2,cap_0284,38315595,0.6628004908561707
Seed-T2->T27-r2,cap_0028,40494920,0.5649242401123047
Seed-T2->T27-r2,cap_0027,38531676,0.714046061038971
Seed-T2->T27-r2,cap_0153,37524859,0.6464271545410156
Seed-T2->T41-r3,cap_0284,39915601,0.6727065443992615
Seed-T2->T41-r3,cap_0008,34504260,0.5438158512115479
Seed-T2->T41-r3,cap_0260,39231425,0.5830175876617432
Seed-T2->T41-r3,cap_0256,38263386,0.6588802933692932
Seed-T3->T2-r1,cap_0154,33497439,0.5867601633071899
Seed-T3->T2-r1,cap_0154,34563692,0.6009228229522705
Seed-T3->T2-r1,cap_0032,37535817,0.5455406904220581
Seed-T3->T2-r1,cap_0216,31940671,0.6565898060798645
Seed-T3->T14-r2,cap_0165,40864894,0.6719147562980652
Seed-T3->T14-r2,cap_0165,38048156,0.6482762694358826
Seed-T3->T14-r2,cap_0018,37596488,0.5291495323181152
Seed-T3->T14-r2,cap_0154,32058262,0.6161563396453857
Seed-T3->T21-r3,cap_0232,34661544,0.6562926173210144
Seed-T3->T21-r3,cap_0011,31864097,0.6486085653305054
Seed-T3->T21-r3,cap_0005,37922661,0.6173940896987915
Seed-T3->T21-r3,cap_0032,34494966,0.6416874527931213
Seed-T4->T1-r1,cap_0137,41272171,0.5971854329109192
Seed-T4->T1-r1,cap_0162,35089149,0.586231529712677
Seed-T4->T1-r1,cap_0137,38880237,0.631436824798584
Seed-T4->T1-r1,cap_0120,35377329,0.6464911699295044
Seed-T4->T15-r2,cap_0055,36164826,0.7274158000946045
Seed-T4->T15-r2,cap_0126,41402520,0.6738922595977783
Seed-T4->T15-r2,cap_0136,36057688,0.6947957873344421
Seed-T4->T15-r2,cap_0131,33055042,0.6524244546890259
Seed-T4->T23-r3,cap_0131,31759245,0.6633476614952087
Seed-T4->T23-r3,cap_0162,38295584,0.6475840210914612
Seed-T4->T23-r3,cap_0131,35868813,0.6723952293395996
Seed-T4->T23-r3,cap_0139,35552166,0.6918463706970215
Seed-T5->T16-r1,cap_0164,39214159,0.7354517579078674
Seed-T5->T16-r1,cap_0069,37385326,0.7279085516929626
Seed-T5->T16-r1,cap_0248,37722445,0.7006616592407227
Seed-T5->T16-r1,cap_0073,32971274,0.7087460160255432
Seed-T5->T12-r2,cap_0069,40030272,0.6524413824081421
Seed-T5->T12-r2,cap_0164,35130178,0.6237596273422241
Seed-T5->T12-r2,cap_0073,38117619,0.6384394764900208
Seed-T5->T12-r2,cap_0164,37938951,0.6504420042037964
Seed-T5->T18-r3,cap_0069,37625508,0.7630969882011414
Seed-T5->T18-r3,cap_0073,39778706,0.76158607006073
Seed-T5->T18-r3,cap_0061,32968800,0.7011529207229614
Seed-T5->T18-r3,cap_0073,33862232,0.7294468879699707
Seed-T6->T17-r1,cap_0188,32195369,0.6539502143859863
Seed-T6->T17-r1,cap_0233,37919418,0.5953772664070129
Seed-T6->T17-r1,cap_0014,32992137,0.5385898947715759
Seed-T6->T17-r1,cap_0278,32688290,0.7562453746795654
Seed-T6->T28-r2,cap_0278,36462598,0.6765569448471069
Seed-T6->T28-r2,cap_0014,39079607,0.6106292009353638
Seed-T6->T28-r2,cap_0184,36113383,0.6508716344833374
Seed-T6->T28-r2,cap_0198,32876582,0.6829403638839722
Seed-T6->T29-r3,cap_0140,37879358,0.7076753377914429
Seed-T6->T29-r3,cap_0278,38218130,0.6997470259666443
Seed-T6->T29-r3,cap_0015,38218130,0.616070568561554
Seed-T6->T29-r3,cap_0228,38300790,0.6043108701705933
Seed-T7->T10-r1,cap_0271,34125693,0.6134225726127625
Seed-T7->T10-r1,cap_0078,37230405,0.7022364139556885
Seed-T7->T10-r1,cap_0252,38758661,0.6315773725509644
Seed-T7->T10-r1,cap_0066,41015222,0.6703879833221436
Seed-T7->T25-r2,cap_0076,39382960,0.6760402917861938
Seed-T7->T25-r2,cap_0064,37643107,0.6602365374565125
Seed-T7->T25-r2,cap_0064,33875798,0.7258082032203674
Seed-T7->T25-r2,cap_0071,33875798,0.7189646363258362
Seed-T7->T35-r3,cap_0078,41276241,0.6521480083465576
Seed-T7->T35-r3,cap_0078,39159864,0.6547499299049377
Seed-T7->T35-r3,cap_0078,38552994,0.7231470346450806
Seed-T7->T35-r3,cap_0082,36055637,0.6677385568618774
