capstone_topic,journal_topic,rank,mass,cosine,thematic_alignment,shared_methodology,justification,cap_keywords,jrn_keywords,error
0,3,1,0.030218,0.8482,1,no,"Both topics relate broadly to health informatics/computing, but Topic A concerns EMR database management and frontend systems, while Topic B focuses on large language models. They address different research questions—data management vs. NLP/AI—with unrelated methods.","emr, database, management, frontend","llms, large language, language models, language",
0,5,2,0.025299,0.8456,2,partial,"Both topics involve electronic health record systems (EMR/EHR), sharing that foundational data source. However, Topic A focuses on database management and frontend system design, while Topic B addresses temporal disease prediction modeling. They share the EHR domain but pursue different research questions and methods.","emr, database, management, frontend","prediction, disease, temporal, ehr",
0,8,3,0.021363,0.8568,1,no,"Both topics relate broadly to healthcare informatics, but Topic A focuses on EMR database/frontend management systems while Topic B addresses artificial intelligence concepts. They tackle different research questions—system architecture vs. AI applications—with no overlapping methods.","emr, database, management, frontend","ai, intelligence, artificial intelligence, artificial",
1,4,1,0.02604,0.7368,0,no,"Topic A appears to reference proper nouns ([PERSON], PhD) and REDCap, suggesting an administrative or training context. Topic B focuses on retinal fundus image analysis for diabetic retinopathy. These share no research question or methodology.","hands, [PERSON], phd, redcap","retinal, images, fundus, diabetic",
1,6,2,0.024596,0.8098,0,no,"Topic A appears to be an artifact cluster containing proper nouns and a data capture tool name (REDCap), lacking coherent thematic content. Topic B addresses mental health interventions and depression. There is no meaningful thematic or methodological overlap between these two topics.","hands, [PERSON], phd, redcap","mental, mental health, depression, intervention",
1,7,3,0.024034,0.7764,0,no,"Topic A appears to be an artifact cluster containing proper nouns ([PERSON], PhD) and tools (REDCap), likely metadata rather than a coherent research theme. Topic B clearly addresses Parkinson's disease gait analysis. There is no meaningful thematic or methodological overlap between these two topics.","hands, [PERSON], phd, redcap","gait, pd, parkinsons, parkinsons disease",
2,0,1,0.123682,0.8665,1,no,"Both topics fall broadly within healthcare/public health, but they address entirely different research questions. Topic A appears to concern [STATE] prenatal care (possibly around 2019), while Topic B focuses on COVID-19 pandemic and telehealth. No methodological overlap is evident from the keywords.","[state], prenatal, 2019, ns","covid19, pandemic, covid19 pandemic, telehealth",
2,27,2,0.009276,0.8523,1,no,"Topic A appears to be a geographically specific ([STATE]) prenatal study from 2019 with minimal keywords to characterize methods. Topic B focuses on diabetes risk prediction using machine learning. Both are broadly biomedical but address different research questions, populations, and methods.","[state], prenatal, 2019, ns","risk, diabetes, prediction, machine",
2,41,3,0.007309,0.8338,1,no,"Both topics are broadly biomedical/clinical, but they address entirely different research questions. Topic A appears to concern prenatal care in [STATE] (possibly a student capstone project), while Topic B focuses on sepsis mortality prediction in ICU settings. There is no shared methodology or overlapping research question.","[state], prenatal, 2019, ns","sepsis, early, mortality, icu",
3,2,1,0.031904,0.8638,1,no,"Both topics are broadly healthcare-related but address different problems. Topic A concerns symptom reporting in schizophrenia using SQL, suggesting a database/query approach. Topic B focuses on clinical decision support alerts (CDS). Different research questions, different methods, only sharing a general clinical informatics domain.","symptoms, schizophrenia, reporting, sql","cds, alert, alerts, decision support",
3,14,2,0.015601,0.846,1,no,"Both topics fall broadly within healthcare/clinical research, but they address entirely different conditions (schizophrenia vs. diabetes), different research questions (symptom reporting vs. intervention adherence), and use different methods (SQL-based data querying vs. intervention studies). There is no meaningful overlap in methodology or specific research focus.","symptoms, schizophrenia, reporting, sql","diabetes, intervention, interventions, adherence",
3,21,3,0.010119,0.8664,1,no,"Both topics relate broadly to healthcare informatics, but Topic A concerns symptom reporting in schizophrenia using SQL, while Topic B focuses on patient portal systems. They address different research questions (psychiatric symptom tracking vs. patient-facing web portals) with unrelated methods.","symptoms, schizophrenia, reporting, sql","portal, patient portal, portals, patient portals",
4,1,1,0.037105,0.8496,1,no,"Both topics broadly relate to health/behavioral research, but Topic A focuses on statistical analysis of depression using SPSS, while Topic B centers on social media and online platforms. They share a broad healthcare/behavioral domain but address different research questions with different methods.","spss, depression, statistical, [PERSON]","social, media, social media, online",
4,15,2,0.015179,0.8629,2,partial,"Both topics involve depression and mental health, sharing the research subject. Topic A emphasizes statistical analysis (SPSS) without specifying the health condition's context, while Topic B focuses on sleep and mental health outcomes. They share depression as a common theme but differ in focus—statistical methodology vs. sleep/mental health relationships.","spss, depression, statistical, [PERSON]","sleep, depression, mental, mental health",
4,23,3,0.009698,0.8396,1,partial,"Both topics touch on health/behavioral research and likely use statistical methods (SPSS implied in Topic A). However, Topic A focuses on depression and statistical analysis, while Topic B centers on physical activity interventions. They share a broad health domain but address different research questions with only partially overlapping methodology.","spss, depression, statistical, [PERSON]","physical activity, activity, physical, intervention",
5,16,1,0.014617,0.8748,3,yes,"Both topics focus on information extraction from biomedical/clinical text. Topic A targets pathology reports specifically, while Topic B addresses broader biomedical entity and relation extraction. They share NLP/text mining methodology and the core research question of extracting structured information from unstructured text, but differ in domain specificity and output granularity.","pathology, extraction, pathology reports, text","biomedical, entity, relation, extraction",
5,12,2,0.012912,0.8098,1,no,"Both topics relate to cancer/pathology broadly, but Topic A focuses on NLP-based text extraction from pathology reports, while Topic B addresses image segmentation of tumors. They tackle different research questions (text mining vs. medical image analysis) using entirely different methods.","pathology, extraction, pathology reports, text","segmentation, image, tumor, images",
5,18,3,0.011103,0.9073,2,partial,"Both topics involve NLP applied to clinical text, but Topic A focuses specifically on information extraction from pathology reports, while Topic B centers on de-identification of clinical notes. They share NLP as a method but address different research questions—extraction vs. privacy protection—in overlapping but distinct document types.","pathology, extraction, pathology reports, text","nlp, notes, deidentification, language",
6,17,1,0.012228,0.8448,1,no,"Topic A appears to reference [INSTITUTION] educational/training programs (courses, global health informatics). Topic B focuses on digital health equity research. Both touch healthcare/informatics broadly, but A is about education/training while B addresses equity in digital health access. Different research questions and methods.","course, global, institute, [institution]","digital health, digital, equity, health equity",
6,28,2,0.009136,0.8651,1,no,"Topic A appears to relate to biomedical informatics education/training (courses, institutes, [INSTITUTION]). Topic B concerns health data governance and consent for sharing. Both fall broadly within health informatics but address entirely different research questions—education vs. data ethics/policy—with no methodological overlap.","course, global, institute, [institution]","consent, health data, sharing, data sharing",
6,29,3,0.008454,0.8897,2,partial,"Both topics relate to biomedical/health informatics education and training. Topic A appears to reference [INSTITUTION]'s global informatics courses, while Topic B focuses on clinical informatics programs and competencies. They share the education domain but differ in focus—one on global course delivery, the other on competency frameworks for clinical informatics programs.","course, global, institute, [institution]","informatics, programs, competencies, clinical informatics",
7,10,1,0.020801,0.8437,0,no,"Topic A focuses on NLP/information extraction from renal pathology reports, while Topic B addresses drug-protein interaction networks using graph-based methods. They cover entirely different clinical domains, research questions, and computational methodologies with no meaningful overlap.","renal, extraction, pathology, pathology reports","drug, graph, drugs, protein",
7,25,2,0.009557,0.8572,1,no,"Both topics touch on disease characterization in a clinical context, but Topic A focuses on NLP-based information extraction from pathology reports (renal), while Topic B focuses on radiomics feature extraction from imaging for cancer survival prediction. Different research questions, different methods, and different data modalities.","renal, extraction, pathology, pathology reports","radiomics, cancer, features, survival",
7,35,3,0.008011,0.8619,1,no,"Both topics touch on biomedical/clinical research, but Topic A focuses on NLP-based information extraction from pathology reports (renal context), while Topic B addresses gene expression analysis in cancer. They share the broad biomedical domain but tackle different research questions with unrelated methods.","renal, extraction, pathology, pathology reports","gene, genes, cancer, expression",
