id,year,semester,D1,D2,D3,D4,D5,D6,D7,D8,D9,D10,argmax_id
cap_0001,2020,Fall,0.998008,0.448306,0.467332,0.476519,0.986954,0.022436,0.409103,0.891055,0.529203,0.410047,D1
cap_0002,2020,Fall,0.840259,0.533185,0.547736,0.605201,0.837155,0.357988,0.507141,0.714242,0.82425,0.421611,D1
cap_0003,2020,Fall,0.993938,0.365174,0.147126,0.874721,0.45181,0.170094,0.621713,0.879716,0.51379,0.045058,D1
cap_0004,2020,Fall,0.95347,0.772187,0.187021,0.93922,0.628008,0.443118,0.077553,0.224055,0.646446,0.632489,D1
cap_0005,2020,Fall,0.814127,0.313669,0.923868,0.907967,0.90549,0.893913,0.529446,0.813016,0.787686,0.149904,D3
cap_0006,2020,Fall,0.858481,0.891339,0.642145,0.916035,0.983182,0.242968,0.629533,0.924824,0.961714,0.801198,D5
cap_0007,2020,Fall,0.447098,0.101545,0.013096,0.008968,0.017797,0.007497,0.02322,0.181989,0.041076,0.010632,D1
cap_0008,2020,Fall,0.974953,0.970145,0.876317,0.664159,0.948364,0.830285,0.936894,0.925668,0.969215,0.884888,D1
cap_0009,2021,Fall,0.892983,0.979551,0.713756,0.859723,0.834061,0.834407,0.605901,0.883638,0.777469,0.833384,D2
cap_0010,2021,Fall,0.929887,0.84137,0.025012,0.728652,0.472497,0.028953,0.25197,0.463748,0.179602,0.079567,D1
cap_0011,2021,Fall,0.971604,0.862076,0.891646,0.980148,0.954774,0.749133,0.902007,0.980034,0.829112,0.735689,D4
cap_0012,2021,Fall,0.977241,0.974215,0.752013,0.579757,0.911259,0.424233,0.939526,0.933703,0.910107,0.96025,D1
cap_0013,2021,Fall,0.773623,0.970465,0.737064,0.92079,0.783947,0.371108,0.521837,0.971456,0.078713,0.698227,D8
cap_0014,2021,Fall,0.683061,0.990848,0.004232,0.164785,0.010777,0.15374,0.010987,0.031589,0.031085,0.158191,D2
cap_0015,2021,Fall,0.82515,0.948418,0.547585,0.278306,0.291031,0.125226,0.091423,0.092852,0.738245,0.528777,D2
cap_0016,2021,Fall,0.712382,0.959611,0.488527,0.371507,0.208682,0.098555,0.103295,0.394041,0.132739,0.816516,D2
cap_0017,2021,Fall,0.826151,0.860486,0.035411,0.800809,0.985172,0.248141,0.200303,0.136292,0.885235,0.052425,D5
cap_0018,2021,Fall,0.883588,0.988324,0.003884,0.988414,0.899254,0.705633,0.048631,0.863219,0.024377,0.056966,D4
cap_0019,2021,Fall,0.998075,0.995505,0.980618,0.995475,0.997575,0.709321,0.790773,0.987958,0.997116,0.912159,D1
cap_0020,2021,Fall,0.931416,0.952926,0.799599,0.666605,0.902007,0.797714,0.895705,0.865224,0.932852,0.831554,D2
cap_0021,2021,Fall,0.951796,0.988397,0.960044,0.44083,0.950065,0.937053,0.716417,0.773901,0.716318,0.85931,D2
cap_0022,2021,Fall,0.352982,0.712132,0.046034,0.103567,0.051177,0.017526,0.132852,0.139924,0.20003,0.295484,D2
cap_0023,2022,Fall,0.965119,0.988211,0.717458,0.994123,0.986585,0.965086,0.138695,0.898811,0.870872,0.838762,D4
cap_0024,2022,Fall,0.862699,0.902136,0.494293,0.776877,0.962036,0.723261,0.062531,0.740362,0.349297,0.291586,D5
cap_0025,2022,Fall,0.986244,0.951639,0.828627,0.953492,0.985787,0.888178,0.865053,0.69311,0.517937,0.823044,D1
cap_0026,2022,Fall,0.890103,0.862815,0.323968,0.887082,0.931009,0.950296,0.466602,0.659981,0.791227,0.508544,D6
cap_0027,2022,Fall,0.953643,0.919027,0.136897,0.953297,0.951142,0.738245,0.640003,0.837554,0.414366,0.376709,D1
cap_0028,2022,Fall,0.641113,0.100348,0.372619,0.657868,0.845496,0.385664,0.104249,0.207112,0.344416,0.162746,D5
cap_0029,2022,Fall,0.786459,0.200597,0.601828,0.894757,0.472197,0.483161,0.013121,0.386069,0.418935,0.287868,D4
cap_0030,2022,Fall,0.967564,0.899608,0.525162,0.952992,0.98191,0.312213,0.184327,0.490958,0.886519,0.101589,D5
cap_0031,2022,Fall,0.894144,0.89096,0.608405,0.937096,0.861422,0.82176,0.77535,0.878158,0.715722,0.723065,D4
cap_0032,2022,Fall,0.930046,0.742375,0.856752,0.992039,0.848031,0.84607,0.61844,0.683314,0.70268,0.670851,D4
cap_0033,2022,Fall,0.980636,0.968915,0.844826,0.943996,0.672547,0.958654,0.449393,0.911942,0.512083,0.533641,D1
cap_0034,2022,Fall,0.994905,0.979413,0.933824,0.993843,0.987556,0.97959,0.891681,0.975507,0.987676,0.92607,D1
cap_0035,2022,Fall,0.593138,0.972231,0.056418,0.016673,0.932392,0.115386,0.225566,0.712945,0.051534,0.047074,D2
cap_0036,2022,Fall,0.986017,0.987829,0.934095,0.99851,0.996476,0.97802,0.94252,0.810404,0.986396,0.971191,D4
cap_0037,2022,Fall,0.99524,0.992169,0.164718,0.959554,0.981203,0.702785,0.962935,0.983925,0.090937,0.096408,D1
cap_0038,2022,Fall,0.608885,0.119408,0.414988,0.886027,0.506927,0.822189,0.044681,0.121973,0.151184,0.241959,D4
cap_0039,2022,Fall,0.952596,0.083591,0.570451,0.991221,0.621455,0.902781,0.044514,0.04666,0.045037,0.07072,D4
cap_0040,2022,Fall,0.955817,0.957078,0.263908,0.983327,0.975832,0.980931,0.667175,0.859664,0.163679,0.234385,D4
cap_0041,2022,Fall,0.959269,0.948917,0.035847,0.970562,0.961606,0.906156,0.352313,0.678434,0.719285,0.21312,D4
cap_0042,2022,Fall,0.966092,0.983134,0.098642,0.959402,0.977457,0.926703,0.783388,0.78785,0.991603,0.823399,D9
cap_0043,2022,Fall,0.851891,0.978976,0.953966,0.888855,0.899077,0.939526,0.938463,0.964888,0.929824,0.881104,D2
cap_0044,2022,Fall,0.98982,0.97007,0.887156,0.99583,0.993268,0.984002,0.918572,0.836571,0.719088,0.970099,D4
cap_0045,2022,Fall,0.624737,0.880129,0.112381,0.90372,0.912241,0.810966,0.054904,0.183649,0.045649,0.21036,D5
cap_0046,2022,Fall,0.971806,0.95264,0.839915,0.955651,0.897291,0.938152,0.833638,0.791197,0.757166,0.769167,D1
cap_0047,2022,Fall,0.977554,0.993391,0.97367,0.921358,0.992356,0.993673,0.873323,0.982873,0.953923,0.905761,D6
cap_0048,2022,Fall,0.446284,0.778439,0.271107,0.771908,0.653016,0.634515,0.199391,0.321846,0.367611,0.241881,D2
cap_0049,2022,Fall,0.860779,0.996205,0.279779,0.963369,0.916559,0.493775,0.383843,0.614192,0.772702,0.412471,D2
cap_0050,2022,Fall,0.998364,0.99867,0.963265,0.997461,0.995368,0.991899,0.991969,0.99733,0.926918,0.490236,D2
cap_0051,2022,Fall,0.997124,0.993294,0.773219,0.99332,0.995626,0.978631,0.96148,0.983863,0.997953,0.650557,D9
cap_0052,2022,Fall,0.946473,0.882311,0.208824,0.811153,0.918608,0.854551,0.04467,0.40439,0.196884,0.120142,D1
cap_0053,2023,Fall,0.990459,0.984605,0.886617,0.969985,0.992184,0.729664,0.787727,0.947575,0.982237,0.87834,D5
cap_0054,2023,Fall,0.90389,0.9814,0.919281,0.962108,0.990197,0.953579,0.949529,0.986031,0.954095,0.879974,D5
cap_0055,2023,Fall,0.99958,0.994123,0.720909,0.991272,0.997752,0.961893,0.993753,0.99485,0.98985,0.903379,D1
cap_0056,2023,Fall,0.968381,0.993015,0.234193,0.901358,0.980337,0.964623,0.934455,0.994259,0.517083,0.080015,D8
cap_0057,2023,Fall,0.760484,0.987253,0.772959,0.972257,0.865053,0.988939,0.578418,0.922203,0.794823,0.813979,D6
cap_0058,2023,Fall,0.964855,0.921922,0.921605,0.975623,0.962673,0.959307,0.319334,0.859487,0.849379,0.695907,D4
cap_0059,2023,Fall,0.862337,0.595022,0.423458,0.813868,0.780934,0.239549,0.180035,0.713482,0.396769,0.369429,D1
cap_0060,2023,Fall,0.779867,0.8874,0.918991,0.913484,0.791781,0.842669,0.871857,0.916185,0.97231,0.805441,D9
cap_0061,2023,Fall,0.971604,0.998545,0.238262,0.970799,0.999002,0.99117,0.988864,0.997913,0.823949,0.740315,D5
cap_0062,2023,Fall,0.960584,0.708679,0.574962,0.967132,0.907353,0.971992,0.238639,0.244634,0.300771,0.455679,D6
cap_0063,2023,Fall,0.992892,0.714852,0.420451,0.801042,0.926736,0.565389,0.535706,0.566258,0.125641,0.109087,D1
cap_0064,2023,Fall,0.839964,0.973582,0.060752,0.345326,0.983878,0.938152,0.568116,0.956125,0.038053,0.009304,D5
cap_0065,2023,Fall,0.901032,0.994729,0.010062,0.898091,0.999255,0.973894,0.991221,0.452778,0.555917,0.015845,D5
cap_0066,2023,Fall,0.995727,0.998415,0.103092,0.775945,0.998753,0.996001,0.780704,0.998622,0.176299,0.025371,D5
cap_0067,2023,Fall,0.984855,0.994169,0.908942,0.661212,0.997654,0.97367,0.841435,0.832713,0.057865,0.783575,D5
cap_0068,2023,Fall,0.99769,0.995605,0.20947,0.984985,0.99654,0.822403,0.985419,0.991489,0.937074,0.19853,D1
cap_0069,2023,Fall,0.614625,0.99462,0.050214,0.975178,0.982691,0.760095,0.621541,0.949529,0.221877,0.011431,D2
cap_0070,2023,Fall,0.941223,0.998377,0.084776,0.475849,0.998962,0.9949,0.989399,0.967975,0.250271,0.628179,D5
cap_0071,2023,Fall,0.990064,0.981595,0.027247,0.433142,0.999103,0.986688,0.92657,0.993359,0.825125,0.011019,D5
cap_0072,2023,Fall,0.914863,0.987142,0.181771,0.982524,0.992327,0.786397,0.60288,0.97372,0.023825,0.299976,D5
cap_0073,2023,Fall,0.674337,0.993015,0.184097,0.746393,0.99186,0.952064,0.918371,0.992244,0.09645,0.058777,D2
cap_0074,2023,Fall,0.994129,0.998718,0.027533,0.993973,0.998548,0.9852,0.94743,0.99182,0.657264,0.254972,D2
cap_0075,2023,Fall,0.70069,0.999134,0.169063,0.948775,0.999425,0.996695,0.805804,0.993747,0.094898,0.034294,D5
cap_0076,2023,Fall,0.975261,0.966028,0.065261,0.845193,0.998352,0.940694,0.907014,0.944305,0.458227,0.269999,D5
cap_0077,2023,Fall,0.957636,0.494507,0.517205,0.958886,0.876898,0.890199,0.097928,0.591487,0.673782,0.177099,D4
cap_0078,2023,Fall,0.99715,0.964888,0.28887,0.96378,0.996278,0.983279,0.985828,0.804972,0.781372,0.447702,D1
cap_0079,2023,Fall,0.948298,0.995514,0.727951,0.859605,0.859634,0.976423,0.630713,0.899563,0.711331,0.67338,D2
cap_0080,2023,Fall,0.762645,0.997663,0.005946,0.013703,0.987556,0.886715,0.706292,0.980543,0.555978,0.003377,D2
cap_0081,2023,Fall,0.999058,0.996264,0.568296,0.998731,0.999084,0.987676,0.98896,0.998411,0.994954,0.723798,D5
cap_0082,2023,Fall,0.973569,0.966156,0.009073,0.384912,0.979334,0.832662,0.71423,0.981364,0.602763,0.580174,D8
cap_0083,2024,Fall,0.959535,0.889265,0.303061,0.874225,0.834103,0.338514,0.664214,0.404743,0.125842,0.20093,D1
cap_0084,2024,Fall,0.964954,0.955981,0.216964,0.955026,0.981489,0.755005,0.683789,0.693162,0.731251,0.263884,D5
cap_0085,2024,Fall,0.996946,0.990282,0.006719,0.266071,0.280518,0.917746,0.893967,0.790136,0.040541,0.011869,D1
cap_0086,2024,Fall,0.958963,0.992774,0.927396,0.948531,0.998024,0.993103,0.979088,0.925082,0.012717,0.341692,D5
cap_0087,2024,Fall,0.974532,0.992139,0.193833,0.98244,0.967503,0.936198,0.931306,0.914367,0.31785,0.126273,D2
cap_0088,2024,Fall,0.89324,0.998332,0.502441,0.996954,0.990988,0.991221,0.700075,0.996633,0.979716,0.635901,D2
cap_0089,2024,Fall,0.98284,0.9982,0.307136,0.992865,0.988131,0.910982,0.974725,0.99783,0.538498,0.025083,D2
cap_0090,2024,Fall,0.993063,0.99925,0.801975,0.999042,0.997554,0.998345,0.993686,0.998256,0.960231,0.980403,D2
cap_0091,2024,Fall,0.130535,0.99056,0.021186,0.979354,0.987302,0.454048,0.796609,0.977671,0.003396,0.16378,D2
cap_0092,2024,Fall,0.994445,0.998309,0.014857,0.987723,0.99371,0.969728,0.967694,0.998056,0.718002,0.0399,D2
cap_0093,2024,Fall,0.838415,0.84412,0.387234,0.921781,0.962427,0.464598,0.683102,0.242721,0.524547,0.039122,D5
cap_0094,2024,Fall,0.969671,0.922413,0.726474,0.963848,0.837155,0.806777,0.876132,0.915507,0.880848,0.534916,D1
cap_0095,2024,Fall,0.997285,0.980967,0.561936,0.994037,0.974435,0.909907,0.956452,0.993307,0.871994,0.175414,D1
cap_0096,2024,Fall,0.95963,0.99942,0.500366,0.997585,0.993385,0.984708,0.391522,0.995042,0.768299,0.055158,D2
cap_0097,2024,Fall,0.947405,0.992047,0.540803,0.983069,0.970521,0.969498,0.865253,0.992214,0.790136,0.695933,D8
cap_0098,2024,Fall,0.995977,0.999435,0.996614,0.99908,0.998363,0.998371,0.979803,0.998895,0.922543,0.790369,D2
cap_0099,2024,Fall,0.954137,0.985172,0.114814,0.939053,0.986271,0.960063,0.966789,0.971833,0.330201,0.150029,D5
cap_0100,2024,Fall,0.962018,0.998855,0.033653,0.995977,0.99484,0.982237,0.969149,0.990642,0.596844,0.0666,D2
cap_0101,2024,Fall,0.931836,0.957912,0.677461,0.856317,0.903975,0.628977,0.821993,0.890865,0.565899,0.510008,D2
cap_0102,2024,Fall,0.967671,0.996954,0.305749,0.988777,0.993849,0.962603,0.908618,0.975273,0.336658,0.044535,D2
cap_0103,2024,Fall,0.986337,0.998916,0.286119,0.959535,0.995189,0.73029,0.985468,0.995601,0.403919,0.075176,D2
cap_0104,2024,Fall,0.993692,0.574395,0.058292,0.683102,0.849909,0.086314,0.863449,0.67104,0.064403,0.036331,D1
cap_0105,2024,Fall,0.992008,0.964153,0.691107,0.919931,0.973342,0.632276,0.480235,0.352202,0.967163,0.784752,D1
cap_0106,2024,Fall,0.918918,0.989348,0.149345,0.980729,0.511869,0.430881,0.804981,0.88647,0.110615,0.118691,D2
cap_0107,2024,Fall,0.9799,0.997513,0.829561,0.384912,0.988536,0.981076,0.981364,0.99484,0.915545,0.912397,D2
cap_0108,2021,Spring,0.968501,0.82994,0.82308,0.912124,0.886174,0.029873,0.33928,0.2949,0.243732,0.806853,D1
cap_0109,2021,Spring,0.839783,0.614958,0.498993,0.860779,0.864825,0.412767,0.178454,0.604049,0.660939,0.899784,D10
cap_0110,2021,Spring,0.925095,0.974117,0.086439,0.852813,0.846704,0.406626,0.103749,0.921216,0.678034,0.375878,D2
cap_0111,2021,Spring,0.978343,0.902136,0.092606,0.432693,0.967163,0.043732,0.400046,0.767951,0.051702,0.629148,D1
cap_0112,2021,Spring,0.989879,0.96395,0.248192,0.735071,0.842088,0.527256,0.836555,0.729881,0.178812,0.764279,D1
cap_0113,2021,Spring,0.900442,0.877529,0.528594,0.628236,0.814496,0.652408,0.090093,0.630287,0.447641,0.70477,D1
cap_0114,2021,Spring,0.983723,0.991538,0.696423,0.716888,0.944587,0.641015,0.980986,0.97372,0.927692,0.935406,D2
cap_0115,2021,Spring,0.97296,0.743261,0.051558,0.066418,0.427531,0.037222,0.044598,0.3009,0.218294,0.039825,D1
cap_0116,2021,Spring,0.988256,0.994031,0.793586,0.935993,0.738669,0.708112,0.434581,0.871966,0.078289,0.972727,D2
cap_0117,2021,Spring,0.983223,0.98118,0.923316,0.918918,0.971668,0.917672,0.977006,0.971267,0.962874,0.949751,D1
cap_0118,2021,Spring,0.992626,0.990892,0.921331,0.9455,0.963334,0.906942,0.981243,0.939782,0.946745,0.876211,D1
cap_0119,2022,Spring,0.921746,0.984884,0.853027,0.988085,0.927888,0.981788,0.716739,0.887692,0.917709,0.934215,D4
cap_0120,2022,Spring,0.950824,0.436502,0.936749,0.848878,0.922761,0.873215,0.719741,0.873107,0.889769,0.699418,D1
cap_0121,2022,Spring,0.98983,0.921216,0.978343,0.708011,0.990962,0.914901,0.775392,0.959649,0.968797,0.919462,D5
cap_0122,2022,Spring,0.867176,0.556882,0.398641,0.802362,0.086285,0.147003,0.184768,0.399577,0.660172,0.529993,D1
cap_0123,2022,Spring,0.958265,0.899387,0.42922,0.970183,0.971156,0.512784,0.111024,0.617051,0.939359,0.744796,D5
cap_0124,2022,Spring,0.947817,0.802362,0.94743,0.971156,0.980281,0.929856,0.906052,0.903507,0.850686,0.793626,D5
cap_0125,2022,Spring,0.990366,0.996597,0.981666,0.98948,0.993735,0.984723,0.914405,0.996093,0.9462,0.74382,D2
cap_0126,2022,Spring,0.992725,0.651798,0.991938,0.847621,0.989948,0.985086,0.815315,0.935671,0.970212,0.926769,D1
cap_0127,2022,Spring,0.798344,0.891102,0.049681,0.962179,0.706697,0.891007,0.073165,0.679232,0.293354,0.528412,D4
cap_0128,2022,Spring,0.980441,0.650578,0.856782,0.944074,0.947575,0.788799,0.313525,0.599954,0.504516,0.610221,D1
cap_0129,2022,Spring,0.924942,0.900966,0.851336,0.972099,0.892093,0.53692,0.549157,0.296552,0.95807,0.811148,D4
cap_0130,2022,Spring,0.879613,0.511869,0.571617,0.926304,0.805976,0.760517,0.192009,0.417323,0.367824,0.340266,D4
cap_0131,2022,Spring,0.773687,0.896885,0.820685,0.844024,0.846768,0.81772,0.598004,0.672809,0.681647,0.504822,D2
cap_0132,2022,Spring,0.232092,0.814745,0.005992,0.918809,0.185984,0.109206,0.020216,0.012576,0.01456,0.13229,D4
cap_0133,2022,Spring,0.952309,0.183777,0.182826,0.434821,0.137504,0.30918,0.631253,0.205177,0.251924,0.027875,D1
cap_0134,2022,Spring,0.988602,0.993103,0.903123,0.986111,0.972857,0.980673,0.926437,0.978115,0.98244,0.974508,D2
cap_0135,2022,Spring,0.971429,0.895065,0.342407,0.977154,0.963575,0.822474,0.401871,0.852199,0.93011,0.200793,D4
cap_0136,2022,Spring,0.884639,0.872456,0.825695,0.912825,0.930395,0.83455,0.686383,0.475484,0.553264,0.848659,D5
cap_0137,2022,Spring,0.818447,0.480844,0.535098,0.82355,0.872782,0.416915,0.084568,0.38914,0.311374,0.420481,D5
cap_0138,2022,Spring,0.942665,0.914444,0.857171,0.948298,0.946448,0.877056,0.825167,0.818592,0.855489,0.845528,D4
cap_0139,2022,Spring,0.870377,0.683202,0.581749,0.844489,0.90355,0.626781,0.61244,0.493287,0.298006,0.460441,D5
cap_0140,2022,Spring,0.549036,0.963609,0.268126,0.483161,0.145965,0.700562,0.170854,0.262936,0.3232,0.18743,D2
cap_0141,2022,Spring,0.927133,0.947817,0.630856,0.957833,0.981149,0.898944,0.861538,0.826922,0.979354,0.804175,D5
cap_0142,2022,Spring,0.947064,0.73954,0.898277,0.871393,0.896058,0.931246,0.303087,0.809144,0.837853,0.673299,D1
cap_0143,2023,Spring,0.583085,0.704567,0.451568,0.966805,0.943867,0.937096,0.23014,0.06747,0.675978,0.123742,D4
cap_0144,2023,Spring,0.625438,0.592431,0.250638,0.285472,0.102664,0.188399,0.213377,0.389547,0.41324,0.337094,D1
cap_0145,2023,Spring,0.997838,0.997556,0.991015,0.998408,0.996771,0.9953,0.9434,0.994214,0.987216,0.986739,D4
cap_0146,2023,Spring,0.640945,0.911741,0.27275,0.906229,0.611672,0.173244,0.250615,0.810066,0.802052,0.019842,D2
cap_0147,2023,Spring,0.928862,0.910127,0.92657,0.962179,0.938011,0.887741,0.918918,0.880823,0.954605,0.893263,D4
cap_0148,2023,Spring,0.954436,0.957358,0.498901,0.968321,0.975693,0.123122,0.362066,0.935597,0.376623,0.255762,D5
cap_0149,2023,Spring,0.00902,0.734358,0.001202,0.976913,0.628578,0.04531,0.002019,0.058239,0.001684,0.015131,D4
cap_0150,2023,Spring,0.979551,0.942876,0.414543,0.986058,0.986713,0.931929,0.968351,0.942109,0.773484,0.414721,D5
cap_0151,2023,Spring,0.983101,0.98703,0.145115,0.964052,0.940079,0.886887,0.757408,0.916447,0.897246,0.693343,D2
cap_0152,2023,Spring,0.778144,0.983769,0.057865,0.950134,0.934155,0.591369,0.06874,0.655667,0.825581,0.242873,D2
cap_0153,2023,Spring,0.984898,0.996357,0.027182,0.952408,0.98249,0.697403,0.727782,0.992837,0.020381,0.006635,D2
cap_0154,2023,Spring,0.83688,0.976197,0.032651,0.965948,0.712765,0.778623,0.070528,0.839076,0.017797,0.207737,D2
cap_0155,2023,Spring,0.996503,0.998733,0.988591,0.9963,0.998556,0.996676,0.992647,0.998073,0.997185,0.945538,D2
cap_0156,2023,Spring,0.93273,0.637482,0.66888,0.993281,0.96175,0.948585,0.359083,0.371251,0.889553,0.324342,D4
cap_0157,2023,Spring,0.669718,0.486697,0.191952,0.444444,0.698843,0.617599,0.094929,0.275519,0.608819,0.46038,D5
cap_0158,2023,Spring,0.67551,0.76454,0.396886,0.716386,0.666008,0.697139,0.048126,0.439747,0.149609,0.128648,D2
cap_0159,2023,Spring,0.788583,0.758153,0.517205,0.946349,0.853852,0.47725,0.185966,0.231875,0.788033,0.627152,D4
cap_0160,2023,Spring,0.99162,0.894467,0.800926,0.989119,0.979707,0.972624,0.59972,0.971859,0.975785,0.750644,D1
cap_0161,2024,Spring,0.995874,0.988234,0.889144,0.977586,0.99571,0.772627,0.514766,0.977132,0.984694,0.772179,D1
cap_0162,2024,Spring,0.997876,0.993301,0.500732,0.997166,0.997603,0.977468,0.992968,0.994214,0.972046,0.833697,D1
cap_0163,2024,Spring,0.971102,0.893635,0.756149,0.807603,0.896478,0.8221,0.485722,0.916932,0.882833,0.449272,D1
cap_0164,2024,Spring,0.561215,0.953304,0.046508,0.977639,0.997929,0.963882,0.628749,0.971966,0.222236,0.012858,D5
cap_0165,2024,Spring,0.405566,0.973139,0.707177,0.982117,0.990197,0.975739,0.944151,0.828705,0.855821,0.760473,D5
cap_0166,2024,Spring,0.928344,0.9852,0.310276,0.989592,0.95511,0.963265,0.361165,0.094741,0.00826,0.838415,D4
cap_0167,2024,Spring,0.902567,0.998242,0.136191,0.994281,0.923523,0.642993,0.76973,0.995076,0.124309,0.015351,D2
cap_0168,2024,Spring,0.934843,0.997242,0.458712,0.99066,0.849784,0.936285,0.973443,0.959459,0.541348,0.590927,D2
cap_0169,2024,Spring,0.993562,0.984516,0.878783,0.989986,0.9775,0.845109,0.939484,0.951886,0.920397,0.695648,D1
cap_0170,2024,Spring,0.971939,0.996227,0.153899,0.991373,0.970155,0.877582,0.922308,0.976669,0.723285,0.106551,D2
cap_0171,2024,Spring,0.951346,0.99953,0.618262,0.341034,0.996213,0.989348,0.959573,0.989889,0.950938,0.935258,D2
cap_0172,2024,Spring,0.992,0.999156,0.47926,0.998933,0.995773,0.992837,0.946769,0.998352,0.838548,0.578924,D2
cap_0173,2024,Spring,0.933598,0.987958,0.430746,0.989682,0.935935,0.912748,0.941412,0.962196,0.661704,0.099241,D4
cap_0174,2024,Spring,0.734148,0.611382,0.173218,0.759911,0.231267,0.567457,0.734262,0.353428,0.442396,0.048767,D4
cap_0175,2024,Spring,0.992031,0.998779,0.141015,0.994129,0.996676,0.987308,0.94684,0.997437,0.730578,0.425128,D2
cap_0176,2024,Spring,0.992981,0.999255,0.570331,0.999196,0.998625,0.971197,0.98083,0.995575,0.879079,0.59561,D2
cap_0177,2024,Spring,0.996413,0.999003,0.116418,0.131954,0.993655,0.983986,0.8951,0.991977,0.139016,0.208864,D2
cap_0178,2024,Spring,0.932269,0.997876,0.450843,0.024191,0.98943,0.839026,0.925095,0.985841,0.589835,0.167559,D2
cap_0179,2024,Spring,0.989938,0.998499,0.661267,0.997054,0.993056,0.981364,0.986271,0.998129,0.911731,0.895568,D2
cap_0180,2024,Spring,0.930836,0.996389,0.029676,0.991603,0.336168,0.381969,0.764419,0.954351,0.416797,0.599368,D2
cap_0181,2024,Spring,0.93511,0.994174,0.817756,0.97622,0.957477,0.968827,0.910625,0.679657,0.807423,0.427277,D2
cap_0182,2024,Spring,0.971496,0.996336,0.23926,0.986138,0.988391,0.842215,0.918863,0.994835,0.761937,0.077221,D2
cap_0183,2024,Spring,0.955068,0.935582,0.468335,0.994594,0.964355,0.979354,0.502075,0.828176,0.891575,0.844986,D4
cap_0184,2024,Spring,0.997199,0.996256,0.978834,0.987664,0.991049,0.987129,0.992988,0.884738,0.944613,0.326755,D1
cap_0185,2024,Spring,0.963523,0.910107,0.955298,0.9803,0.947721,0.966156,0.993116,0.994445,0.99031,0.961606,D8
cap_0186,2024,Spring,0.905071,0.990997,0.308607,0.963643,0.977154,0.710509,0.838117,0.867261,0.595404,0.399929,D2
cap_0187,2024,Spring,0.969324,0.982987,0.357035,0.956329,0.953275,0.778355,0.666931,0.919027,0.15996,0.389605,D2
cap_0188,2024,Spring,0.987228,0.996,0.700997,0.994708,0.991272,0.963489,0.919281,0.61682,0.132402,0.350661,D2
cap_0189,2024,Spring,0.959421,0.979215,0.094302,0.965365,0.325413,0.92054,0.177152,0.41182,0.824674,0.550245,D2
cap_0190,2024,Spring,0.942122,0.957794,0.499146,0.997603,0.915318,0.987375,0.374791,0.705886,0.525856,0.822448,D4
cap_0191,2024,Spring,0.89115,0.995575,0.007953,0.977671,0.966474,0.977968,0.558207,0.976311,0.208149,0.054024,D2
cap_0192,2024,Spring,0.977809,0.996755,0.5835,0.990376,0.989702,0.779343,0.809125,0.989909,0.592431,0.623835,D2
cap_0193,2024,Spring,0.980692,0.997645,0.739822,0.996727,0.987302,0.96862,0.957636,0.994391,0.851328,0.354768,D2
cap_0194,2024,Spring,0.850701,0.995977,0.001988,0.008847,0.993288,0.443239,0.011687,0.976913,0.002415,0.006817,D2
cap_0195,2024,Spring,0.994493,0.994599,0.970854,0.99571,0.981489,0.980858,0.909264,0.977799,0.964052,0.956594,D4
cap_0196,2024,Spring,0.954753,0.993136,0.00909,0.979156,0.979881,0.861363,0.776708,0.988436,0.488649,0.70388,D2
cap_0197,2024,Spring,0.985271,0.950365,0.77867,0.954563,0.967595,0.903123,0.903294,0.919643,0.832441,0.82176,D1
cap_0198,2024,Spring,0.983085,0.907271,0.988016,0.997843,0.997997,0.99368,0.975762,0.988347,0.987411,0.984321,D5
cap_0199,2024,Spring,0.961534,0.996943,0.349685,0.989296,0.994236,0.95112,0.878105,0.989732,0.772659,0.147218,D2
cap_0200,2024,Spring,0.980129,0.998221,0.951029,0.995677,0.994557,0.968336,0.954201,0.993897,0.969252,0.900836,D2
cap_0201,2024,Spring,0.988949,0.989265,0.971591,0.990385,0.977883,0.982168,0.962761,0.976468,0.958963,0.848188,D4
cap_0202,2024,Spring,0.987818,0.997677,0.28106,0.94887,0.99075,0.904313,0.930521,0.988335,0.235702,0.206174,D2
cap_0203,2024,Spring,0.95018,0.935641,0.007846,0.988777,0.970212,0.713335,0.337122,0.395951,0.043773,0.101902,D4
cap_0204,2024,Spring,0.964422,0.997099,0.012945,0.997141,0.968411,0.895111,0.620507,0.995668,0.038448,0.28825,D4
cap_0205,2024,Spring,0.761982,0.99764,0.005577,0.911456,0.934425,0.910942,0.910823,0.984306,0.015131,0.003373,D2
cap_0206,2020,Summer,0.903081,0.404919,0.002946,0.804828,0.670332,0.682785,0.022977,0.936401,0.301876,0.004714,D8
cap_0207,2020,Summer,0.933096,0.866698,0.664704,0.892656,0.864902,0.811527,0.571468,0.764056,0.831417,0.217753,D1
cap_0208,2020,Summer,0.978733,0.980876,0.971645,0.981613,0.981701,0.976288,0.979295,0.964756,0.929184,0.883437,D5
cap_0209,2020,Summer,0.976847,0.99251,0.061368,0.311636,0.213377,0.420681,0.01162,0.614365,0.002747,0.107437,D2
cap_0210,2020,Summer,0.723908,0.259638,0.108001,0.482734,0.438349,0.082143,0.128908,0.306839,0.185929,0.202364,D1
cap_0211,2020,Summer,0.782205,0.781185,0.479626,0.7373,0.766992,0.702326,0.683657,0.69987,0.614278,0.779783,D1
cap_0212,2020,Summer,0.972908,0.920861,0.001226,0.891445,0.989801,0.009126,0.754796,0.950319,0.166167,0.001949,D5
cap_0213,2020,Summer,0.811041,0.864539,0.72952,0.609408,0.78736,0.704262,0.811601,0.831759,0.796451,0.701713,D2
cap_0214,2021,Summer,0.997897,0.978611,0.845915,0.735926,0.964254,0.46952,0.727153,0.975992,0.869493,0.77194,D1
cap_0215,2021,Summer,0.945298,0.952264,0.457909,0.87456,0.928991,0.111822,0.751283,0.92164,0.978219,0.950088,D9
cap_0216,2021,Summer,0.829216,0.975673,0.849097,0.836321,0.93972,0.814791,0.874399,0.91226,0.926387,0.911535,D2
cap_0217,2022,Summer,0.591959,0.213623,0.093264,0.843186,0.724432,0.246851,0.060863,0.02769,0.475491,0.387459,D4
cap_0218,2022,Summer,0.663492,0.720442,0.643021,0.666483,0.685792,0.645288,0.188287,0.686764,0.626696,0.381335,D2
cap_0219,2022,Summer,0.962143,0.609931,0.363251,0.945248,0.980562,0.594345,0.701183,0.688233,0.75898,0.470007,D5
cap_0220,2022,Summer,0.996907,0.997306,0.857947,0.995886,0.994214,0.827558,0.666877,0.999166,0.95996,0.003907,D8
cap_0221,2022,Summer,0.973919,0.875814,0.819713,0.850732,0.974773,0.907107,0.931587,0.955569,0.95944,0.718866,D5
cap_0222,2022,Summer,0.762999,0.747662,0.468973,0.965316,0.805096,0.791579,0.469763,0.420302,0.362236,0.596169,D4
cap_0223,2022,Summer,0.973969,0.951006,0.713282,0.972046,0.823754,0.913522,0.340924,0.673272,0.720467,0.228339,D1
cap_0224,2022,Summer,0.864711,0.853119,0.873701,0.881666,0.843766,0.847148,0.599895,0.90528,0.862786,0.803906,D8
cap_0225,2022,Summer,0.920825,0.894605,0.075995,0.970882,0.99091,0.942427,0.99482,0.854187,0.767713,0.105257,D7
cap_0226,2022,Summer,0.945651,0.976891,0.070752,0.894237,0.950227,0.917303,0.706798,0.833392,0.781748,0.399636,D2
cap_0227,2022,Summer,0.978508,0.968411,0.976691,0.949856,0.983754,0.97553,0.977392,0.954052,0.970212,0.969353,D5
cap_0228,2022,Summer,0.999227,0.999658,0.995789,0.998367,0.998941,0.996201,0.995395,0.997376,0.995768,0.998914,D2
cap_0229,2022,Summer,0.91682,0.982083,0.211315,0.996957,0.988755,0.597256,0.805116,0.913715,0.989632,0.625867,D4
cap_0230,2022,Summer,0.89275,0.972934,0.748674,0.744749,0.942055,0.860925,0.204779,0.96799,0.669934,0.806052,D2
cap_0231,2022,Summer,0.962953,0.778565,0.10618,0.975924,0.986017,0.936022,0.47744,0.876105,0.769773,0.055643,D5
cap_0232,2022,Summer,0.686738,0.607066,0.493927,0.910665,0.599764,0.683736,0.130951,0.321946,0.213234,0.482109,D4
cap_0233,2022,Summer,0.954774,0.990366,0.61555,0.9966,0.990812,0.96262,0.977586,0.991439,0.990102,0.989244,D4
cap_0234,2022,Summer,0.885792,0.816608,0.011721,0.364099,0.794066,0.546768,0.030792,0.691497,0.8985,0.095941,D9
cap_0235,2022,Summer,0.986713,0.986324,0.207486,0.99674,0.067424,0.792625,0.897796,0.984796,0.838283,0.758578,D4
cap_0236,2023,Summer,0.997668,0.997941,0.762579,0.767755,0.993083,0.987203,0.97553,0.998316,0.554109,0.154887,D8
cap_0237,2023,Summer,0.99148,0.95561,0.255529,0.968291,0.941735,0.956553,0.953427,0.984869,0.956654,0.571527,D1
cap_0238,2023,Summer,0.943958,0.993429,0.875468,0.995846,0.995254,0.415255,0.315156,0.921834,0.42656,0.483039,D4
cap_0239,2023,Summer,0.994214,0.982823,0.253445,0.826292,0.995128,0.577376,0.540833,0.854581,0.235196,0.033227,D5
cap_0240,2023,Summer,0.977241,0.962918,0.902717,0.903145,0.976558,0.971859,0.505005,0.886396,0.904123,0.776199,D1
cap_0241,2023,Summer,0.965299,0.876079,0.773056,0.945976,0.868437,0.922796,0.24073,0.802168,0.659734,0.548432,D1
cap_0242,2023,Summer,0.817529,0.106842,0.139338,0.929919,0.4482,0.083031,0.138592,0.510008,0.573559,0.190649,D4
cap_0243,2023,Summer,0.99814,0.997379,0.83545,0.993849,0.998062,0.995368,0.991546,0.997253,0.859811,0.085882,D1
cap_0244,2023,Summer,0.989034,0.993156,0.641429,0.981004,0.956675,0.862583,0.845544,0.994677,0.486454,0.087291,D8
cap_0245,2023,Summer,0.322679,0.998206,0.847983,0.804079,0.106574,0.945651,0.083778,0.462261,0.020904,0.003028,D2
cap_0246,2023,Summer,0.995277,0.973795,0.762822,0.925735,0.989948,0.924039,0.982873,0.984215,0.821653,0.561816,D1
cap_0247,2023,Summer,0.9917,0.9991,0.502686,0.997293,0.998525,0.995894,0.983754,0.997917,0.614857,0.672708,D2
cap_0248,2023,Summer,0.783947,0.994146,0.076961,0.117902,0.997645,0.961858,0.88779,0.989409,0.246806,0.093844,D5
cap_0249,2023,Summer,0.76708,0.669124,0.596227,0.826344,0.89996,0.42916,0.082346,0.322713,0.232267,0.172581,D5
cap_0250,2023,Summer,0.983134,0.240585,0.245311,0.617859,0.980243,0.451568,0.043691,0.144752,0.529374,0.328287,D1
cap_0251,2023,Summer,0.824956,0.994584,0.174586,0.819397,0.936981,0.488588,0.379551,0.876158,0.30399,0.229827,D2
cap_0252,2023,Summer,0.99315,0.94625,0.671006,0.812272,0.984185,0.927626,0.973215,0.495056,0.157898,0.665315,D1
cap_0253,2023,Summer,0.60399,0.107344,0.060142,0.305931,0.044681,0.058777,0.182407,0.08389,0.104432,0.057388,D1
cap_0254,2023,Summer,0.941493,0.96741,0.004534,0.897695,0.952662,0.960621,0.227124,0.80691,0.001882,0.026056,D2
cap_0255,2023,Summer,0.935117,0.996547,0.067454,0.599602,0.999299,0.978333,0.911377,0.997045,0.405213,0.57069,D5
cap_0256,2023,Summer,0.994552,0.995363,0.512205,0.959969,0.987771,0.989889,0.828436,0.990054,0.500732,0.023973,D2
cap_0257,2023,Summer,0.865764,0.021948,0.004215,0.969843,0.561846,0.156652,0.081831,0.312685,0.489992,0.121451,D4
cap_0258,2023,Summer,0.990651,0.965738,0.029662,0.987253,0.988602,0.869327,0.96707,0.979726,0.901661,0.05549,D1
cap_0259,2023,Summer,0.993692,0.974423,0.645441,0.964689,0.994467,0.799011,0.713831,0.911495,0.937326,0.233991,D5
cap_0260,2023,Summer,0.987277,0.989692,0.925668,0.997704,0.962391,0.900923,0.901888,0.284974,0.737442,0.905463,D4
cap_0261,2023,Summer,0.930852,0.888656,0.74667,0.994578,0.909987,0.653846,0.172555,0.598195,0.636466,0.89128,D4
cap_0262,2023,Summer,0.313577,0.271276,0.140101,0.932114,0.626174,0.363167,0.085175,0.050682,0.004114,0.206784,D4
cap_0263,2023,Summer,0.250431,0.932484,0.234889,0.682494,0.953966,0.493164,0.122523,0.482033,0.951278,0.592667,D5
cap_0264,2023,Summer,0.912475,0.922831,0.056679,0.084833,0.754327,0.314287,0.99207,0.515986,0.042882,0.019327,D7
cap_0265,2023,Summer,0.740456,0.973152,0.011029,0.991023,0.976736,0.940079,0.835718,0.824321,0.524029,0.011158,D4
cap_0266,2023,Summer,0.997679,0.998442,0.69181,0.992274,0.996946,0.996743,0.977607,0.997599,0.85931,0.556159,D2
cap_0267,2023,Summer,0.955079,0.897617,0.02976,0.994895,0.981004,0.981185,0.990812,0.993096,0.989662,0.452536,D4
cap_0268,2023,Summer,0.951006,0.963814,0.659021,0.986507,0.962143,0.930046,0.448668,0.894144,0.68371,0.844697,D4
cap_0269,2023,Summer,0.974845,0.773601,0.102979,0.660829,0.948202,0.702734,0.386749,0.351701,0.615496,0.030851,D1
cap_0270,2023,Summer,0.993801,0.989378,0.012171,0.996161,0.997699,0.856767,0.081119,0.872944,0.104706,0.06724,D5
cap_0271,2023,Summer,0.955486,0.993281,0.801315,0.992139,0.998912,0.992539,0.929408,0.970799,0.925129,0.728036,D5
cap_0272,2023,Summer,0.984913,0.99651,0.199703,0.992077,0.994626,0.981293,0.836688,0.985896,0.015891,0.134491,D2
cap_0273,2023,Summer,0.577495,0.176991,0.325092,0.709623,0.469277,0.363195,0.063475,0.072882,0.005312,0.073024,D4
cap_0274,2023,Summer,0.967349,0.946399,0.000428,0.001183,0.990624,0.040769,0.798187,0.36523,0.00285,0.00034,D5
cap_0275,2023,Summer,0.762302,0.738292,0.011094,0.216632,0.923109,0.486088,0.166273,0.157153,0.100459,0.002217,D5
cap_0276,2023,Summer,0.918407,0.903762,0.84556,0.964085,0.965867,0.917672,0.51751,0.734346,0.935993,0.887887,D5
cap_0277,2023,Summer,0.907024,0.8288,0.031739,0.963161,0.988906,0.855278,0.961606,0.91302,0.294164,0.14731,D5
cap_0278,2023,Summer,0.96944,0.996427,0.578329,0.987993,0.982203,0.735713,0.971779,0.966474,0.833934,0.768646,D2
cap_0279,2023,Summer,0.673433,0.930015,0.92373,0.931774,0.90053,0.916484,0.406921,0.664812,0.599602,0.83901,D4
cap_0280,2023,Summer,0.77907,0.763352,0.648355,0.993333,0.851212,0.715076,0.023076,0.063381,0.461259,0.680454,D4
cap_0281,2023,Summer,0.993281,0.973011,0.782372,0.983847,0.988313,0.932515,0.981311,0.966474,0.951459,0.697995,D1
cap_0282,2023,Summer,0.969091,0.921039,0.018707,0.806167,0.960435,0.310668,0.330985,0.854092,0.785247,0.181046,D1
cap_0283,2023,Summer,0.618435,0.88392,0.111798,0.611962,0.886519,0.767646,0.02752,0.180359,0.031679,0.036101,D5
cap_0284,2023,Summer,0.870094,0.86332,0.124027,0.989957,0.980692,0.86662,0.244093,0.556641,0.966757,0.407098,D4
cap_0285,2023,Summer,0.871174,0.950755,0.906301,0.913116,0.905113,0.627381,0.388038,0.627381,0.819965,0.85376,D2
cap_0286,2023,Summer,0.915545,0.984575,0.243822,0.240507,0.997561,0.951165,0.888843,0.991708,0.899795,0.074838,D5
cap_0287,2023,Summer,0.981382,0.955026,0.29556,0.840815,0.992739,0.8586,0.93835,0.959193,0.799833,0.090133,D5
cap_0288,2023,Summer,0.998039,0.998098,0.925145,0.980995,0.996085,0.994599,0.976038,0.993932,0.857291,0.569853,D2
