capstone_id,topic
cap_0001,-1
cap_0002,-1
cap_0003,-1
cap_0004,0
cap_0005,0
cap_0006,-1
cap_0007,6
cap_0008,8
cap_0009,-1
cap_0010,8
cap_0011,0
cap_0012,-1
cap_0013,-1
cap_0014,-1
cap_0015,7
cap_0016,-1
cap_0017,0
cap_0018,-1
cap_0019,0
cap_0020,8
cap_0021,8
cap_0022,8
cap_0023,-1
cap_0024,3
cap_0025,3
cap_0026,3
cap_0027,-1
cap_0028,5
cap_0029,3
cap_0030,3
cap_0031,6
cap_0032,0
cap_0033,0
cap_0034,3
cap_0035,2
cap_0036,5
cap_0037,0
cap_0038,2
cap_0039,0
cap_0040,0
cap_0041,3
cap_0042,-1
cap_0043,6
cap_0044,2
cap_0045,0
cap_0046,3
cap_0047,6
cap_0048,3
cap_0049,0
cap_0050,2
cap_0051,-1
cap_0052,3
cap_0053,5
cap_0054,1
cap_0055,4
cap_0056,2
cap_0057,0
cap_0058,3
cap_0059,3
cap_0060,2
cap_0061,2
cap_0062,3
cap_0063,5
cap_0064,2
cap_0065,2
cap_0066,2
cap_0067,2
cap_0068,-1
cap_0069,2
cap_0070,2
cap_0071,2
cap_0072,2
cap_0073,2
cap_0074,2
cap_0075,2
cap_0076,2
cap_0077,3
cap_0078,2
cap_0079,3
cap_0080,1
cap_0081,0
cap_0082,2
cap_0083,6
cap_0084,5
cap_0085,0
cap_0086,0
cap_0087,-1
cap_0088,1
cap_0089,1
cap_0090,7
cap_0091,-1
cap_0092,1
cap_0093,5
cap_0094,3
cap_0095,-1
cap_0096,1
cap_0097,1
cap_0098,7
cap_0099,1
cap_0100,1
cap_0101,3
cap_0102,1
cap_0103,1
cap_0104,2
cap_0105,5
cap_0106,1
cap_0107,1
cap_0108,-1
cap_0109,-1
cap_0110,7
cap_0111,-1
cap_0112,-1
cap_0113,-1
cap_0114,-1
cap_0115,-1
cap_0116,-1
cap_0117,8
cap_0118,8
cap_0119,0
cap_0120,4
cap_0121,4
cap_0122,-1
cap_0123,5
cap_0124,4
cap_0125,1
cap_0126,4
cap_0127,0
cap_0128,4
cap_0129,5
cap_0130,4
cap_0131,4
cap_0132,6
cap_0133,3
cap_0134,-1
cap_0135,3
cap_0136,4
cap_0137,4
cap_0138,4
cap_0139,4
cap_0140,0
cap_0141,5
cap_0142,4
cap_0143,0
cap_0144,-1
cap_0145,3
cap_0146,3
cap_0147,5
cap_0148,6
cap_0149,0
cap_0150,2
cap_0151,2
cap_0152,0
cap_0153,0
cap_0154,-1
cap_0155,0
cap_0156,0
cap_0157,-1
cap_0158,3
cap_0159,5
cap_0160,0
cap_0161,4
cap_0162,4
cap_0163,6
cap_0164,2
cap_0165,0
cap_0166,-1
cap_0167,1
cap_0168,7
cap_0169,3
cap_0170,0
cap_0171,7
cap_0172,7
cap_0173,1
cap_0174,3
cap_0175,1
cap_0176,1
cap_0177,1
cap_0178,1
cap_0179,1
cap_0180,1
cap_0181,0
cap_0182,1
cap_0183,-1
cap_0184,0
cap_0185,1
cap_0186,1
cap_0187,1
cap_0188,0
cap_0189,0
cap_0190,1
cap_0191,1
cap_0192,1
cap_0193,7
cap_0194,7
cap_0195,-1
cap_0196,1
cap_0197,-1
cap_0198,-1
cap_0199,1
cap_0200,1
cap_0201,3
cap_0202,1
cap_0203,2
cap_0204,7
cap_0205,1
cap_0206,0
cap_0207,0
cap_0208,2
cap_0209,-1
cap_0210,4
cap_0211,8
cap_0212,7
cap_0213,8
cap_0214,-1
cap_0215,5
cap_0216,8
cap_0217,5
cap_0218,6
cap_0219,4
cap_0220,-1
cap_0221,4
cap_0222,0
cap_0223,3
cap_0224,6
cap_0225,-1
cap_0226,-1
cap_0227,4
cap_0228,0
cap_0229,-1
cap_0230,-1
cap_0231,5
cap_0232,0
cap_0233,0
cap_0234,5
cap_0235,2
cap_0236,-1
cap_0237,-1
cap_0238,6
cap_0239,-1
cap_0240,3
cap_0241,3
cap_0242,3
cap_0243,2
cap_0244,2
cap_0245,6
cap_0246,-1
cap_0247,-1
cap_0248,2
cap_0249,6
cap_0250,4
cap_0251,1
cap_0252,2
cap_0253,-1
cap_0254,-1
cap_0255,2
cap_0256,-1
cap_0257,0
cap_0258,4
cap_0259,4
cap_0260,5
cap_0261,5
cap_0262,-1
cap_0263,5
cap_0264,-1
cap_0265,-1
cap_0266,-1
cap_0267,0
cap_0268,3
cap_0269,3
cap_0270,0
cap_0271,-1
cap_0272,-1
cap_0273,0
cap_0274,-1
cap_0275,2
cap_0276,-1
cap_0277,1
cap_0278,1
cap_0279,3
cap_0280,5
cap_0281,2
cap_0282,-1
cap_0283,3
cap_0284,5
cap_0285,3
cap_0286,2
cap_0287,-1
cap_0288,6
