pmid,prompt_key,thematic_alignment,shared_methodology,justification,error
36173351,P1,4,yes,"Both documents are virtually identical in content, addressing EHR audit log research with the same five recommendations, same framing, and same methods. Document B appears to be a paraphrase of Document A, covering the same research question, methodology, and contributions with only minor wording differences.",
36173351,P2,4,yes,"Document B is a plain-language summary of Document A. Both address the same research question—how to advance EHR audit log research—with identical recommendations: transparency, validation, standardization, sensitivity, broader scope, and outcome linkage. The content, structure, and methods discussed are essentially identical; only the writing style differs.",
36173351,P3,4,yes,"Both documents are virtually identical in content, addressing EHR audit/activity log data for clinical research. They share the same research question, the same five recommendations, and the same framing. Document B appears to be a paraphrased version of Document A, with synonymous terminology substituted throughout.",
37695963,P1,4,yes,"Both documents are essentially the same paper, describing identical research questions, methods (FBLPF, ABOW, DWT-based blink artifact removal in single-channel EEG), results, and significance statements. Document B appears to be a paraphrased rewrite of Document A with no substantive differences in content or methodology.",
37695963,P2,4,yes,"Document B is a plain-language summary of Document A. Both describe the identical research: FBLPF-ABOW for blink artifact removal in single-channel EEG using adaptive bi-orthogonal wavelets and DWT. Same research question, same methods, same results, same population—one is the technical paper, the other its lay summary.",
37695963,P3,4,yes,"Both documents describe the identical research: blink artifact removal from single-channel EEG using an adaptive bi-orthogonal wavelet with forward-backward filtering and similarity-based decomposition depth selection. Document B is a paraphrase of Document A, using synonymous terminology throughout. Same research question, same methods, same results.",
33030440,P1,4,yes,"Both documents are effectively identical in research question, methods, results, and conclusions—systematic reviews on electronic informed consent in biomedical research using the same databases, PRISMA guidelines, identical quality appraisal tools, same PROSPERO registration, and identical findings. Document B appears to be a paraphrased rewrite of Document A.",
33030440,P2,4,yes,"Document B is a plain-language summary of Document A. Both address the same research question (electronic informed consent in biomedical research), use identical methodology (systematic review, five databases, PRISMA, 40 studies), and report the same findings. Document B is essentially a lay translation of Document A's content.",
33030440,P3,4,yes,"Document B is a near-verbatim paraphrase of Document A, replacing 'electronic informed consent' with 'digitally administered voluntary agreement to participate.' Both share identical research questions, databases, inclusion criteria, PRISMA methodology, appraisal tools, sample sizes, and even the same PROSPERO registration number.",
38852288,P1,4,yes,"Both documents are essentially the same study: identical research question (BI-RADS and binary breast lesion classification from ultrasound), identical methods (PraNet, CaraNet, FCBFormer, U-Net, ensemble classification with hard/soft voting), identical datasets (BUS B, OASBUD, BUSI, UCC BUS), and identical numerical results. Document B appears to be a paraphrase of Document A.",
38852288,P2,4,yes,"Document B is a plain-language summary of Document A. Both describe the identical study: segmentation-based ensemble BI-RADS classification of breast ultrasound lesions using FCBFormer, PraNet, CaraNet, and U-Net on the same datasets, reporting identical metrics and conclusions.",
38852288,P3,4,yes,"Document B is a near-verbatim paraphrase of Document A, using synonymous terminology throughout (e.g., 'segmentation' → 'boundary delineation', 'ensemble' → 'combined framework'). Both address identical research questions, datasets (BUS B, OASBUD, BUSI), methods (PraNet, CaraNet, FCBFormer, U-Net), and report identical numerical results.",
31295129,P1,4,yes,"Both documents are essentially the same paper: identical research question (pseudo-CT from MRI for PET attenuation correction), identical methodology (INAR, multi-regressor ensemble, same augmentation/optimization techniques), identical dataset (22 subjects), and identical numerical results. Document B appears to be a paraphrase/rewrite of Document A.",
31295129,P2,4,yes,"Document B is a plain-language summary of Document A. Both describe the identical study: INAR-based pseudo-CT prediction from MRI for PET attenuation correction, tested on 22 subjects, reporting the same MAE, Dice, and rMAE metrics against six competing methods. Research question, methods, and findings are identical.",
31295129,P3,4,yes,"Both documents describe the identical study: MRI-to-pseudo-CT synthesis using Improved Neighborhood Anchored Regression (INAR) for PET attenuation correction, with the same 22-subject cohort, identical metrics, and identical results. Document B is a paraphrase/rewrite of Document A with no substantive differences.",
35398812,P1,4,yes,"Both documents are essentially the same systematic review addressing ML models using EMR data for inpatient diabetes management. They share identical research questions, methods (PRISMA, CHARMS, PROBAST, TRIPOD, IJMEDI, Covidence), search parameters, results (1,317 screened, 12 included), and conclusions. Document B appears to be a paraphrase or rewrite of Document A.",
35398812,P2,4,yes,"Document B is a plain-language summary of Document A. Both address the same research question—systematic review of ML models using EMR data for inpatient diabetes management—cover identical studies, findings, and conclusions, and follow the same PRISMA-based systematic review methodology. They are effectively the same work in two different formats.",
35398812,P3,4,yes,"Both documents are virtually identical systematic reviews addressing the same research question: ML/data-driven predictive models using EMR data for hospitalized diabetes patients. They use the same databases, timeframe, inclusion criteria, appraisal tools (CHARMS, PROBAST, TRIPOD, IJMEDI), and report identical results (1317 screened, 12 included). Document B appears to be a paraphrased version of Document A.",
34328438,P1,4,yes,"Both documents report the same study: the Safe Step digital fall prevention program, same 25 participants, same 4-month feasibility design, same qualitative methods (open-ended questionnaires, individual and focus group interviews, deductive/inductive content analysis using the SDT classification system), and identical trial registration number. Document B is a paraphrase of Document A.",
34328438,P2,4,yes,"Document B is a plain-language summary of Document A. Both describe the same study: Safe Step digital fall prevention program, 25 older adults, 4-month feasibility trial, qualitative content analysis framed by self-determination theory, identical methods, results, and conclusions. They are essentially the same document in different registers.",
34328438,P3,4,yes,"Both documents are essentially the same study: identical trial registration (NCT02916849), same Safe Step program, same 25 participants, same 4-month period, same self-determination theory framework, same deductive/inductive qualitative content analysis, and identical findings. Document B appears to be a paraphrase of Document A.",
34004398,P1,4,yes,"Both documents are virtually identical in content, describing the same Italian BRFSSs (PASSI and Passi d'Argento), the same research question linking surveillance data to health-related SDGs, and identical findings and conclusions. Document B appears to be a paraphrase or rewrite of Document A with no substantive differences in methodology, population, or contributions.",
34004398,P2,4,yes,"Document B is a plain-language summary of Document A. Both describe the same Italian BRFSSs (PASSI and Passi d'Argento), address the same research question about mapping surveillance data to health-related SDGs, report identical numerical findings, and use the same analytical framework. They are effectively the same document in different registers.",
34004398,P3,4,yes,"Both documents are virtually identical in content, describing the same Italian BRFSSs (PASSI and Passi d'Argento), the same research question (mapping surveillance data to health-related SDGs), and the same findings. Document B appears to be a paraphrase or rewrite of Document A with no substantive methodological or thematic differences.",
35216752,P1,4,yes,"Both documents are essentially the same study: identical research question (DCNN for ovarian cancer diagnosis via pelvic ultrasound), identical methods, identical datasets (same ten hospitals, same date range, same image counts), and identical numerical results. Document B appears to be a paraphrase/rewrite of Document A.",
35216752,P2,4,yes,"Document B is a plain-language summary of Document A. Both describe the same deep convolutional neural network study on pelvic ultrasound for ovarian cancer diagnosis, report identical AUC values, accuracy figures, and conclusions, and reference the same dataset, hospitals, and study design. They are effectively the same document in different registers.",
35216752,P3,4,yes,"Both documents are virtually identical studies—same dataset (ten Chinese hospitals, 2003–2019), same sample sizes, same DCNN/deep learning approach on pelvic ultrasound for ovarian cancer diagnosis, same comparisons with radiologists, and identical numerical results. Document B appears to be a paraphrased version of Document A.",
34766918,P1,4,yes,"Both documents address the same research question—how migraine patients and healthcare workers perceive online migraine images—using identical methods: the same cross-sectional web-based survey, identical sample sizes, identical Adobe Stock photos, and identical realism/representation scoring. Document B appears to be a paraphrase or rewrite of Document A.",
34766918,P2,4,yes,"Document B is a plain-language summary of Document A's study. Both describe the identical cross-sectional web survey of migraine patients and healthcare workers rating the same 10 Adobe Stock photos on realism and representation scores, reporting the same findings, statistics, and conclusions about media stigma.",
34766918,P3,4,yes,"Both documents are virtually identical studies examining patient and healthcare worker perceptions of online migraine images using the same cross-sectional web-based survey, same institution, same 10 Adobe Stock photos, same scoring metrics, and identical numerical results. Document B appears to be a paraphrase/rewrite of Document A.",
40329052,P1,4,yes,"Both documents are essentially the same randomised clinical trial reporting identical methods (digital twin replay simulation, AID co-adaptation), identical populations (72 T1D participants, 6-month study), and identical results (TIR 72→77%, HbA1c 6.8→6.6%). Document B appears to be a paraphrase or rewrite of Document A.",
40329052,P2,4,yes,"Document B is a plain-language summary of the exact same randomised clinical trial described in Document A, covering identical research questions, methods (digital twin co-adaptation, AID, in silico replay simulation), population (72 T1D participants), outcomes (time-in-range, HbA1c), and results. They are the same study reported in two formats.",
40329052,P3,4,yes,"Both documents describe the same randomised clinical trial (NCT05610111) on human-machine co-adaptation to automated insulin delivery using digital twin/virtual patient simulation technology, with identical populations, outcomes, and results. Document B appears to be a paraphrase or rewrite of Document A with synonymous terminology substituted throughout.",
32215894,P1,4,yes,"Both documents are essentially the same study—same PICU setting, same 7 physicians, same 2016 dataset, same EHR time-tracking method, identical statistical results (ORs, p-values, medians). Document B is a paraphrase of Document A with no new contributions, populations, or methods.",
32215894,P2,4,yes,"Document B is a plain-language summary of Document A. Both describe the identical study: same PICU setting, same seven physicians, same 2016 data, same EHR time-tracking methods, same PIM2/PRISM3 mortality scores, and identical findings including after-hours odds ratios. They are the same research question with the same methods.",
32215894,P3,4,yes,"Both documents are virtually identical studies examining PICU attending physician EHR/EMR usage in relation to patient census/volume and mortality/illness severity scores, using the same 2016 dataset, same 7 physicians, same time-tracking methodology, identical statistical results, and identical conclusions. They differ only in minor terminology (EHR vs. EMR, 'census' vs. 'volume').",
33145441,P1,4,yes,"Both documents describe the identical randomised controlled feasibility trial (RESCUE trial) of the myCOPD app vs usual care in 41 post-exacerbation COPD patients, with the same sample sizes, endpoints, outcomes, and numerical results. Document B appears to be a rewritten/paraphrased version of Document A.",
33145441,P2,4,yes,"Document B is a plain-language summary of Document A. Both describe the same RCT (RESCUE trial), same population (41 post-exacerbation COPD patients), same intervention (myCOPD app vs. usual care), same outcomes (CAT score, inhaler technique, readmissions), and identical results. They are effectively the same document in different formats.",
33145441,P3,4,yes,"Both documents describe the identical RCT (RESCUE trial) of the myCOPD app in 41 COPD patients post-exacerbation, with identical design, outcomes, sample sizes, and numerical results. Document B is a paraphrased rewrite of Document A, using synonymous terminology throughout.",
38670743,P1,4,yes,"Both documents are essentially the same study: same research question (AI-assisted vs. standard capsule endoscopy reading for small bowel bleeding), same methods (Navicam SB/ProScan, 14 European centres, NCT04821349), identical patient cohorts, and identical results. Document B appears to be a paraphrase or rewrite of Document A.",
38670743,P2,4,yes,"Document B is a plain-language summary of Document A. Both describe the same multicentre prospective study, same patient population, same AI-assisted capsule endoscopy intervention, identical outcome metrics (73.7% vs 62.4% diagnostic yield; 3.8 vs 33.7 min reading time), and the same 14-centre European setting.",
38670743,P3,4,yes,"Document B is a paraphrase of Document A with identical study design, population, endpoints, results, and funding. Both describe the same multicentre prospective non-inferiority trial of AI-assisted capsule endoscopy reading for small bowel bleeding using the Navicam SB/ProScan system, with identical numerical results and ClinicalTrials.gov registration.",
38772443,P1,4,yes,"Both documents are essentially the same study: same hospital, same dataset (~250,000 ED records), same BlueBERT-based NLP model, same outcomes (patient disposition and 72-hour unscheduled return visits), and identical AUROC results. Document B appears to be a paraphrase or rewrite of Document A.",
38772443,P2,4,yes,"Document B is a plain-language summary of Document A. Both describe the identical study: BlueBERT applied to ~250,000 ED records from Taipei to predict patient disposition and 72-hour unscheduled return visits, using structured/unstructured data integration and Chinese-English translation. Same research question, same dataset, same methods, same results.",
38772443,P3,4,yes,"Both documents are essentially the same study—same hospital, same dataset (~250,000 ED records from Taipei Medical University-Shuang Ho Hospital), same BlueBERT-based NLP model, identical AUROC values (0.9014 and 0.6475), and identical research questions on ED disposition and 72-hour unscheduled return visits. Document B appears to be a paraphrase of Document A.",
33120412,P1,4,yes,"Both documents are essentially the same study — same institution (Sheba Medical Center), same time period (2012–2017), identical sample sizes, identical results, and identical methods including the ML-based clinical decision support system. Document B appears to be a paraphrase or rewrite of Document A with no substantive differences in research question, methods, or findings.",
33120412,P2,4,yes,"Document B is a plain-language summary of Document A. Both describe the identical study at Sheba Medical Center (2012–2017), the same 1,652,896 medication orders, the same ML-based decision support system, and report identical numerical findings on workload, consecutive shifts, and drug-specific experience.",
33120412,P3,4,yes,"Both documents are essentially the same study — identical institution, timeframe, sample size, results, and conclusions. Document B appears to be a paraphrased version of Document A, using synonymous terminology (e.g., 'work shifts' vs. 'work periods', 'decision support system' vs. 'clinical alert system') but reporting identical numerical findings and methods.",
36150783,P1,4,yes,"Both documents are essentially the same Series paper addressing identical research questions: how digital health technologies (EHRs, AI, data sharing) were used during COVID-19 and implications for future research. The text is nearly identical, differing only in minor paraphrasing, indicating the same methods, scope, and contributions.",
36150783,P2,4,yes,"Document B is effectively a plain-language summary of Document A. Both address identical research questions: use of EHRs, digital health data, and AI during COVID-19, including strengths, failures, and post-pandemic implications. The content, structure, and scope are essentially the same, with Document B simply rephrasing Document A for a lay audience.",
36150783,P3,4,yes,"Both documents are virtually identical in content, addressing the same research question about digital health technologies and data sharing during COVID-19, using the same narrative review approach. Document B appears to be a paraphrased version of Document A, covering EHRs, data sharing, pandemic research, and post-pandemic implications with comparable structure and conclusions.",
40360694,P1,4,yes,"Both documents are identical in research question, methodology, and contributions—advocating video-text generative AI for 3D medical imaging and procedural videos by treating volumetric data as sequential frames. They cover the same applications, challenges, and framing. Document B appears to be a paraphrase or reformulation of Document A.",
40360694,P2,4,yes,"Document B is a plain-language summary of Document A. Both propose repurposing video-text generative AI for 3D medical imaging (CT/MRI) and procedural videos, cover identical applications (automated reporting, case retrieval, education, real-time guidance), and discuss the same challenges (limited datasets, benchmarks, training difficulty).",
40360694,P3,4,yes,"Document B is a paraphrase of Document A. Both propose identical approaches: adapting video-text foundation models for 3D medical imaging and procedural videos, covering the same applications (automated reporting, case retrieval, education) and identical challenges (limited datasets, benchmarks, specialized training). The research question, methods, and contributions are effectively identical.",
41135780,P1,4,yes,"Both documents describe the identical PKCL framework for radiology report generation, using the same methods (cross-modal query matrix, pseudo-labels, knowledge-guided contrastive learning, XRayVision knowledge graphs), evaluated on the same datasets (IU-Xray, MIMIC-CXR, Montgomery County), reporting identical numerical results. Document B appears to be a paraphrase of Document A.",
41135780,P2,4,yes,"Both documents describe the identical PKCL framework for radiology report generation, using the same query matrix, pseudo-labeling, knowledge-guided contrastive learning, and XRayVision knowledge graph. They report identical results on IU-Xray and MIMIC-CXR. Document B is a lay summary of Document A.",
41135780,P3,4,yes,"Both documents describe the identical PKCL framework for radiology report generation, using the same methods (dynamic query learning, knowledge-guided contrastive learning, pseudo-labels, XRayVision knowledge graphs), evaluated on the same datasets (IU-Xray, MIMIC-CXR, Montgomery), reporting identical numerical results. Document B is essentially a paraphrase of Document A.",
39631488,P1,4,yes,"Both documents are essentially identical in research question, dataset (2030 audio recordings), methods (BERT, TextCNN, AST, LSTM, self-attention fusion), and results (86.67% precision, 84% AUC, 94.38% accuracy). Document B appears to be a paraphrased rewrite of Document A with no substantive differences.",
39631488,P2,4,yes,"Document B is a plain-language summary of Document A. Both address the same research question—detecting patient perception of AI voice robots during post-discharge follow-up—using identical methods (BERT, TextCNN, AST, LSTM, self-attention fusion) on the same dataset (2,030 recordings, 144 generalization samples) with matching results.",
39631488,P3,4,yes,"Both documents address the identical research question—detecting patient perception of AI voice robots in post-discharge follow-up—using the same dataset (2030 recordings), identical model architecture (BERT, TextCNN, AST, LSTM, self-attention fusion), and report identical numerical results. Document B appears to be a paraphrased rewrite of Document A.",
33258785,P1,4,yes,"Both documents are virtually identical studies: same ICU setting, same 76 participants, same Mie University Hospital, same 4-week wearable sociometric badge data collection, same social network analysis with centrality measures, and identical findings about nurses being central. Document B appears to be a paraphrase of Document A.",
33258785,P2,4,yes,"Document B is a plain-language summary of Document A. Both describe the exact same study: wearable sociometric badges tracking ICU staff interactions at Mie University Hospital over four weeks, using social network analysis and centrality measurements, finding nurses as core communicators. Same population, methods, setting, and conclusions.",
33258785,P3,4,yes,"Both documents are essentially the same study—same hospital, same 76 participants, same 4-week period, same wearable badge methodology, same social network analysis, and identical findings about nurses. Document B appears to be a paraphrased version of Document A with synonymous terminology substituted throughout.",
36702920,P1,4,yes,"Both documents are virtually identical in content, addressing digital mental health care transformation, unmet outcome promises, and a multi-act framework for future opportunities and challenges. Document B appears to be a paraphrase or restatement of Document A, sharing the same research question, framing, and argumentative structure.",
36702920,P2,4,yes,"Both documents address identical research questions about digital mental health care's unfulfilled promise and future trajectory, using the same 'Act 1' narrative framing. Document B appears to be a plain-language restatement or summary of Document A, covering the same argument, examples, and structure with nearly identical content.",
36702920,P3,4,yes,"Both documents are essentially identical in content and argument, addressing digital/technology-based mental health care transformation, unmet promise, skepticism, and a multi-act/phase framework for future opportunities. Document B appears to be a paraphrase of Document A, covering the same research question with the same conceptual structure.",
33646966,P1,4,yes,"Both documents are essentially the same study—identical population (Chinese factory workers in Shenzhen), identical theoretical framework (Theory of Planned Behavior), identical methods (multivariate two-level logistic and ordinal regression), and identical numerical results. Document B appears to be a paraphrased rewrite of Document A.",
33646966,P2,4,no,"Document B is a plain-language summary of Document A's findings, covering identical research question, population, setting, and results. However, Document B uses no methodology of its own—it is a narrative synthesis rather than an empirical study—so methodological overlap is absent despite complete thematic identity.",
33646966,P3,4,yes,"These documents are essentially the same study—identical population (Shenzhen factory workers), identical methods (two-level logistic regression, Theory of Planned Behavior), identical results (same AORs, CIs, and sample sizes). Document B appears to be a paraphrased/reworded version of Document A, likely a duplicate submission or plagiarism case.",
36343512,P1,4,yes,"Both documents are essentially identical in research question, methods (72 qualitative semi-structured interviews, constructivist grounded theory + framework analysis), findings (three tensions around AI deskilling, human-centric vs technology-centric models), and conclusions. Document B appears to be a paraphrased rewrite of Document A with no substantive differences.",
36343512,P2,4,yes,"Document B is a plain-language summary of Document A. Both describe the same study: 72 qualitative interviews with healthcare AI professionals, analysed via grounded theory/framework approach, yielding identical three themes on deskilling, automation suitability, and human- vs technology-centric models.",
36343512,P3,4,yes,"Both documents are virtually identical in research question, sample size (72 professionals), methods (semi-structured interviews, constructivist grounded theory plus framework analysis), findings structure, and conclusions. Document B appears to be a paraphrase of Document A, substituting 'AI' with 'automated intelligent systems' and 'deskilling' with 'competency erosion.'",
37467834,P1,4,yes,"Both documents describe the identical study: health-disease phase diagrams (HDPD) built from the same cohort (3,238 individuals, 11 diseases, 3,215 items). Document B is essentially a paraphrase of Document A, sharing the same research question, methods, dataset, and findings verbatim.",
37467834,P2,4,yes,"Document B is a plain-language summary of Document A. Both describe the identical research: health-disease phase diagrams (HDPD) built via machine learning on the same cohort (3,238 individuals, 3,215 measurements, 11 diseases). Same research question, same methods, same results — one is the technical paper, the other its lay summary.",
37467834,P3,4,yes,"Both documents are essentially identical in research question, methodology, dataset (3,238 individuals, 3,215 items, 11 diseases), and findings. Document B appears to be a paraphrased rewrite of Document A, introducing health-disease phase diagrams (HDPDs) using machine learning on longitudinal health checkup cohort data for individualized disease prevention.",
32827027,P1,4,yes,"Both documents are effectively identical in research question, methods, results, and conclusions — both apply the LEGEND framework to hypertension pharmacotherapy using propensity score modeling, negative/positive controls, and empirical calibration, comparing results to RCT meta-analyses. Document B appears to be a paraphrase or rewrite of Document A.",
32827027,P2,4,yes,"Document B is a plain-language summary of Document A. Both describe the identical LEGEND framework applied to hypertension, using the same dataset (21.6M patients), propensity score matching, negative/positive controls, empirical calibration, and RCT comparison, reporting identical numerical results throughout.",
32827027,P3,4,yes,"Both documents are virtually identical in content, describing the same LEGEND framework applied to hypertension, using the same dataset (21.6M patients), identical methods (propensity score modeling, negative/positive controls, empirical calibration), and reporting identical numerical results. Document B appears to be a paraphrase/rewrite of Document A with synonymous terminology substitutions.",
40044879,P1,4,yes,"Both documents are essentially the same manuscript addressing regulatory implementation of Digital Health Technology-derived endpoints in clinical trials. They share identical research questions, methods, and contributions—Document B appears to be a paraphrased version of Document A with no substantive differences in content, scope, or approach.",
40044879,P2,4,yes,"Document B is effectively a structured summary or plain-language restatement of Document A. Both address the same research question—regulatory acceptance of DHT-derived endpoints in clinical trials—with identical framing, stepwise guidance approach, and focus on global strategy and health authority consultation. They are essentially the same document in different formats.",
40044879,P3,4,yes,"Both documents are essentially the same paper, differing only in terminology (e.g., 'Digital Health Technology' vs. 'connected health monitoring tools'). They address identical research questions, methods, and contributions regarding regulatory implementation of DHT-derived endpoints in clinical trials for drug development.",
37709945,P1,4,yes,"Both documents are virtually identical in content, addressing AI fairness in clinical settings, discussing sensitive variables, fairness metrics, equality vs. equity, and multidisciplinary collaboration. Document B appears to be a paraphrase of Document A, covering the same research question, arguments, and conceptual framework throughout.",
37709945,P2,4,yes,"Both documents address identical research questions: clinical AI fairness, the equality vs. equity distinction, sensitive variable selection, group vs. individual fairness tensions, and the need for multidisciplinary collaboration. Document B appears to be a lay summary or restatement of Document A, covering the same arguments, examples, and conclusions using nearly identical conceptual framework.",
37709945,P3,4,yes,"Document B is a near-verbatim paraphrase of Document A, replacing terms like 'AI fairness' with 'automated system impartiality' and 'equity' with 'proportional justice.' Both address identical research questions—clinical AI fairness, bias mitigation, sensitive variables, equality vs. equity, and multidisciplinary collaboration—using the same argumentative structure and conceptual framework.",
33360844,P1,4,yes,"Both documents are virtually identical in content, addressing the same research question (eye localization in pediatric ICU), using the same datasets (59 recordings, internet-sourced training data), and identical methods (Faster R-CNN, ResNet, transfer learning). Document B appears to be a paraphrase of Document A with no substantive differences.",
33360844,P2,4,yes,"Document B is a plain-language summary of Document A. Both describe the same study: eye localization in pediatric ICU using Faster R-CNN with ResNet, the same two datasets, identical results (79.7% and 84%), and the same conclusions about transfer learning and custom datasets.",
33360844,P3,4,yes,"Both documents address identical research questions—eye localization in pediatric ICU settings—using the same methods: Faster R-CNN fine-tuning a ResNet backbone, identical datasets (59 PICU recordings), and identical results (79.7%, 84%). Document B appears to be a paraphrase/rewrite of Document A with synonymous terminology substituted throughout.",
34347610,P1,4,yes,"Both documents are virtually identical, addressing the same research question—connecting GLM frequentist inference with machine learning via LRM, SVM, and permutation analysis. They share the same methods, structure, conclusions, and even phrasing, differing only in minor wording variations. Document B appears to be a paraphrase or rewrite of Document A.",
34347610,P2,4,yes,"Document B is a plain-language summary of Document A. Both address the identical research question—connecting GLM frequentist inference to machine learning (LRM, SVM) via permutation testing—using the same methods: GLM, indicator-matrix regression, linear SVM with margin maximization, permutation analysis, and residual-score upper bounds.",
34347610,P3,4,yes,"Both documents are essentially the same paper with minor terminological differences (e.g., 'MLE' vs 'data-driven predictive modeling', 'permutation analysis' vs 'resampling-based significance analysis'). They address identical research questions, derive the same GLM-LRM-SVM connection, and use the same experimental methodology.",
35895638,P1,4,yes,"Both documents are effectively identical in research question, methods, dataset (3,581 CPAP patients), results, and conclusions. Document B appears to be a paraphrase of Document A, using the same Bayesian structural time series with synthetic controls, interrupted time series design, and identical numerical findings.",
35895638,P2,4,yes,"Document B is a plain-language summary of Document A. Both describe the identical study: Bayesian structural time series with synthetic controls applied to CPAP telemonitoring data from 3,581 patients to classify mask-change impacts on rAHI. All methods, results, and conclusions are the same.",
35895638,P3,4,yes,"Both documents are essentially the same paper — identical dataset (3,581 patients), identical methods (Bayesian structural time series with synthetic controls), identical results (accuracy 0.79, 13.4% vs 7.6%), and identical conclusions. Document B appears to be a paraphrased/reworded version of Document A with no substantive differences.",
34320682,P1,4,yes,"Both documents are virtually identical in content, describing the same Multicenter Handoff Collaborative project with Epic Systems to develop a standardized intraoperative anesthesia handoff tool in the EHR. Document B appears to be a paraphrase or rewrite of Document A, covering the same research question, methods, results, and conclusions.",
34320682,P2,4,yes,"Both documents describe the identical project: the Multicenter Handoff Collaborative partnering with Epic Systems to build a standardized intraoperative anesthesia handoff tool. Document B is essentially a lay summary of Document A, covering the same research question, methods, timeline, and conclusions with no substantive differences.",
34320682,P3,4,yes,"Both documents are essentially identical in research question, methods, results, and conclusions — describing the same Multicenter Handoff Collaborative/Epic Systems intraoperative handoff tool project with the same timeline and findings. Document B appears to be a paraphrase of Document A, substituting synonyms throughout but conveying identical content.",
37673925,P1,4,yes,"Both documents describe the identical ACCEPT-AI framework for pediatric data in AI/ML research, covering the same ethical principles, components, and target audiences. Document B appears to be a paraphrase or abstract variant of Document A, addressing the same research question with the same framework and methodology.",
37673925,P2,4,yes,"Both documents describe the same ACCEPT-AI framework for ethical use of pediatric data in AI/ML research, covering identical components (age, consent, assent, equity, data protection, technology). Document B is essentially a plain-language summary of Document A, addressing the same research question with the same framework and recommendations.",
37673925,P3,4,yes,"Both documents describe the identical ACCEPT-AI framework for ethical use of pediatric data in AI/ML research, covering the same components (age, consent, assent, equity, data protection), the same target audiences, and the same application modes. Document B is essentially a paraphrase of Document A with no substantive difference in content or scope.",
38801765,P1,4,yes,"Both documents are scoping reviews on AI robots in the ICU, using identical methods (Arksey & O'Malley framework, PRISMA, same three databases, same search date), reporting identical results (5,908 screened, 77 included, 21 projects, five robot categories). Document B appears to be a paraphrase or duplicate of Document A.",
38801765,P2,4,yes,"Document B is a plain-language summary of Document A. Both cover the same scoping review of AI robots in ICUs, using identical methodology (PRISMA/Arksey & O'Malley framework, same three databases, same 5908 publications screened, same 77 included studies, same five robot categories, same ethical concerns).",
38801765,P3,4,yes,"Both documents are essentially identical scoping reviews on AI robots/automated intelligent machines in the ICU, using the same Arksey & O'Malley framework, PRISMA guidelines, same three databases, same search date, same 5908 screened/77 included publications, and identical five-category classification. Document B appears to be a paraphrased version of Document A.",
39150767,P1,4,yes,"Both documents are virtually identical in research question, dataset (33,422 Weibo posts, 370,218 comments, 31 misinformation events), methods (attribution theory framework, 6 aspects/11 dimensions, pretrained model, aspect-based sentiment analysis, logistic regression), and findings. Document B appears to be a paraphrased rewrite of Document A.",
39150767,P2,4,yes,"Document B is a plain-language summary of Document A. Both address the same research question—public acceptance of misinformation correction on Weibo—using identical methods: aspect-based sentiment analysis, attribution theory framework, the same 31 misinformation events, 33,422 posts, 370,218 comments, and logistic regression. The contributions and findings are identical.",
39150767,P3,4,yes,"Both documents are virtually identical in research question, methods, data (33,422 Weibo posts, 370,218 comments, 31 misinformation events), and findings. Document B appears to be a paraphrase or rewrite of Document A using synonymous terminology (e.g., 'misinformation' vs. 'false information', 'logistic regression' vs. 'binary outcome regression').",
39393125,P1,4,yes,"Both documents are effectively identical studies: same research question, same Finnish hospital-at-home setting, same 25 semi-structured interviews conducted September–October 2023, same snowball sampling (N=46), same inductive content analysis, and same four main result categories. Document B appears to be a paraphrased rewrite of Document A.",
39393125,P2,4,yes,"Document B is a plain-language summary of Document A. Both describe the same study: 46 healthcare professionals interviewed across Finland on digital transformation in hospital-at-home care, using snowball sampling and inductive content analysis, yielding identical four-category findings. Same research question, same methods, same population, same results.",
39393125,P3,4,yes,"Both documents are virtually identical: same research question (digital transformation in hospital-at-home care), same Finnish sample (25 interviews, N=46, Sept-Oct 2023), same four thematic categories, and same inductive/bottom-up qualitative content analysis. Document B appears to be a paraphrased version of Document A with minor terminological differences.",
39348281,P1,4,yes,"Both documents are essentially identical in content, addressing AHRQ's Digital Healthcare Research Program over 20 years, its impact on quality/safety, and future priorities including AI, telehealth, and clinical decision support. Document B appears to be a paraphrased rewrite of Document A with no substantive differences in research question, methods, or conclusions.",
39348281,P2,4,yes,"Document B is a plain-language summary of Document A. Both cover identical content: AHRQ's 20-year Digital Healthcare Research Program, its milestones in telehealth and clinical decision support, AI's emerging role, and future priorities around safety, equity, and efficiency. Same research question, same scope, same conclusions.",
39348281,P3,4,yes,"Both documents are virtually identical in content, addressing AHRQ's Digital Healthcare Research Program over 20 years, its impact on quality/safety, and future priorities including AI. Document B appears to be a paraphrased restatement of Document A, covering the same research question, structure, conclusions, and methods throughout.",
32000012,P1,4,yes,"Both documents are virtually identical in research question, methods (Herfindahl-Hirschman Index, Medicare Part A&B expenditure-weighted market shares, meaningful use attestation rates 2011–2016), results (4.5% single-vendor, 19.8% eight-or-more vendors), and conclusions about EHR market competition and interoperability. Document B appears to be a paraphrase of Document A.",
32000012,P2,4,yes,"Document B is a plain-language summary of Document A. Both address identical research questions—EHR market competitiveness and patient record fragmentation—using the same methods: Herfindahl-Hirschman Index, Medicare expenditure-weighted market shares, and MU attestation data from 2011–2016. Results and conclusions are identical.",
32000012,P3,4,yes,"Both documents address identical research questions—EHR/EMR market competitiveness and patient record fragmentation among Medicare beneficiaries—using the same methods: Herfindahl-Hirschman Index, Medicare Part A/B expenditure-weighted market shares, and meaningful use attestation data over 2011–2016. Results and conclusions are numerically identical; documents appear to be near-duplicate versions of the same study.",
34533459,P1,4,yes,"Document B is a paraphrased rewrite of Document A. Both address identical research questions—comparing COVID-19 clinical trajectories across two pandemic waves using the same federated EHR analysis of 315 hospitals in 6 countries, identical patient cohorts (79,613 patients), identical laboratory biomarkers, and identical statistical methods (random-effects meta-analysis).",
34533459,P2,4,yes,"Document B is a plain-language summary of Document A. Both describe the identical study: same dataset (79,613 patients, 315 hospitals, 6 countries), same federated EHR approach, same comparisons of COVID-19 wave severity and laboratory markers (CRP, ferritin, fibrinogen, procalcitonin, D-dimer), and identical findings.",
34533459,P3,4,yes,"Both documents are essentially the same study — identical cohort (79,613 patients, 315 hospitals, 6 countries), identical methods (federated/distributed EHR analysis, same lab biomarkers, random-effects meta-analysis), and identical findings. The differences are only superficial rewording (e.g., 'waves' vs. 'surges', 'retrospective cohort' vs. 'historical observational follow-up').",
36879025,P1,4,yes,"Both documents address the identical research question—using wearable devices and mobile apps (Beiwe, ActiGraph, StepWatch) to quantify ALS progression over six months in the same 40-patient cohort—with the same outcome measures (ALSFRS-RSE, ROADS) and analysis approach. Document B appears to be a paraphrase or rewrite of Document A.",
36879025,P2,4,yes,"Document B is a plain-language summary of Document A. Both describe the identical study: 40 ambulatory ALS patients followed for 6 months using the Beiwe app (ALSFRS-RSE, ROADS surveys) and wrist/ankle wearables (ActiGraph, StepWatch). Same research question, same methods, same findings — one is the scientific abstract, the other a lay summary.",
36879025,P3,4,yes,"Both documents address identical research questions using the same methods: wearable devices and smartphone apps to quantify ALS progression over 6 months with 40 ambulatory participants, using ALSFRS-R, ROADS surveys, and ActiGraph/StepWatch monitors. Document B appears to be a paraphrase or rewrite of Document A with synonymous terminology throughout.",
39951717,P1,4,yes,"Both documents are essentially the same scoping review on virtual versus in-person primary care, using identical databases, PRISMA-ScR guidelines, and inclusion criteria. They report identical statistics (13,667 screened, 219 included, 170 studies) and reach the same conclusions. Document B appears to be a paraphrased or lightly rewritten version of Document A.",
39951717,P2,4,yes,"Document B is a plain-language summary of Document A. Both address identical research questions (virtual vs. in-person primary care), use the same scoping review methodology, search the same five databases, screen the same 13,600+ articles, include the same 170 studies, and report identical findings across the same four clinical function categories.",
39951717,P3,4,yes,"Document B is a near-verbatim paraphrase of Document A, replacing terms like 'virtual care' with 'remote care' and 'primary care' with 'frontline medical services.' Identical databases, sample sizes, numerical results, and study structure confirm both address the same research question with identical methodology.",
36572766,P1,4,yes,"Both documents describe the same study: GatorTron, a large clinical language model trained on 90B+ words and evaluated on five identical NLP tasks. The text is nearly identical, differing only in minor paraphrasing. Same research question, same methods, same results, same model.",
36572766,P2,4,yes,"Document B is a plain-language summary of Document A. Both describe the same GatorTron large clinical language model, trained on identical data (90B words, 82B clinical), evaluated on the same five NLP tasks, reporting identical accuracy improvements (9.6%, 9.5%). Same research question, same methods, same results.",
36572766,P3,4,yes,"Both documents describe the exact same study—developing GatorTron, a large clinical language model trained on 90B words, evaluated on five identical NLP tasks. Document B is a paraphrased rewrite of Document A, using synonymous terminology throughout. Research question, methods, results, and even the model URL are identical.",
36085350,P1,4,yes,"Both documents address identical research questions using the same methods: wearable inertial sensors, CNN models, GAN-based data augmentation, and UPDRS-based PIGD scoring to detect ON/OFF states in Parkinson's disease. Document B appears to be a paraphrase of Document A with no substantive methodological or conceptual differences.",
36085350,P2,4,yes,"Document B is a plain-language summary of Document A. Both describe the exact same study: using a wearable inertial sensor, CNN, and GAN to assess PIGD and detect ON/OFF states in Parkinson's patients via UPDRS gait tasks. Research question, methods, dataset, and findings are identical.",
36085350,P3,4,yes,"Both documents address the identical research question—detecting Parkinson's ON/OFF motor fluctuations using a single wearable inertial sensor, UPDRS-based PIGD scoring, CNNs, and GANs for data augmentation across the same two studies. Document B appears to be a paraphrased restatement of Document A with no substantive methodological or scientific differences.",
39547912,P1,4,yes,"Both documents are virtually identical in content, addressing the same research question—digital health technologies to optimize antimicrobial use and combat AMR globally. They cover the same scope (diagnosis, prescribing, surveillance, high- and low-income countries) using the same framework. Document B appears to be a paraphrase or rewrite of Document A.",
39547912,P2,4,yes,"Both documents address the same research question: using digital health technologies to optimize antimicrobial prescribing and combat AMR globally. They cover identical themes—DHT applications, high- vs. low-income country contexts, and consensus on required data. Document B appears to be a plain-language summary of Document A, sharing all core content and framing.",
39547912,P3,4,yes,"Both documents are virtually identical in content, addressing the same research question: using digital health technologies to optimize antimicrobial use and combat AMR globally. They cover the same topics—DHT applications, prescribing optimization, high- and low-income countries, and data requirements—using the same conceptual framework. Document B appears to be a paraphrase of Document A.",
36916740,P1,4,yes,"Both documents are essentially the same study: identical research question (blockchain-based federated COVID-19 data analysis), identical dataset (9166 R2D2 Consortium entries), identical methods (on-chain/off-chain components, smart contracts), and identical numerical results. Document B appears to be a paraphrased rewrite of Document A.",
36916740,P2,4,yes,"Document B is a plain-language summary of Document A. Both describe the same blockchain-based federated COVID-19 data analysis logging system, use identical datasets (R2D2 Consortium, 9,166 records), report the same performance metrics, and reach the same conclusions. The research question, methods, results, and limitations are identical.",
36916740,P3,4,yes,"Document B is a near-verbatim paraphrase of Document A, replacing terms like 'blockchain' with 'distributed ledger' and 'smart contract' with 'self-executing protocol.' Identical dataset (9166 COVID-19 SQL logs, R2D2 Consortium), identical methods, and identical numerical results confirm these documents address exactly the same research question with the same methods.",
40953593,P1,4,yes,"Both documents address the identical research question—nurses using clinical prediction rules for acute respiratory infection management in simulation versus physicians—with the same case-based simulation design, 40 nurses and 5 physician comparators, self-efficacy surveys, and identical findings. Document B is a paraphrase of Document A.",
40953593,P2,4,yes,"Document B is a plain-language summary of Document A. Both describe the identical study: nurses vs. physicians using clinical prediction rules for acute respiratory infection management in a case-based simulation with the same participant counts, outcomes (100% vs. 80% sore throat accuracy), and conclusions about clinical decision support tools.",
40953593,P3,4,yes,"Both documents address the same research question—nurses using clinical prediction rules for acute respiratory infection management in simulated settings compared to physicians—with identical study design, sample sizes, outcomes, and findings. Document B appears to be a paraphrase of Document A, using synonymous terminology throughout.",
36513808,P1,4,yes,"Both documents address identical research questions about telehealth over-utilization in primary care during COVID-19, cite the same study (Dixit et al.), and present the same arguments about substitution vs. supplementation. The texts are near-paraphrases of each other with essentially identical structure, evidence, and conclusions.",
36513808,P2,4,yes,"Both documents address the same research question—whether telehealth expansion during COVID-19 leads to over-utilization of primary care—cite the same evidence (Dixit et al.), and present identical conclusions. Document B appears to be a plain-language restatement of Document A, covering the same arguments, contradictions, and recommendations.",
36513808,P3,4,yes,"Both documents address the identical research question—whether telehealth/remote consultations during COVID-19 leads to over-utilization of primary care—citing the same evidence (Dixit et al.) and reaching the same conclusions. Document B appears to be a paraphrase or rewrite of Document A, with near-identical structure, arguments, and methodology.",
35254999,P1,4,yes,"Both documents describe the identical S2Q-Net system for QSM reconstruction from SWI high-pass filtered phase data, using the same deep learning architecture (Second-order Cross Dense Block, edge map estimation), evaluated on the same simulated and in-vivo datasets. Document B appears to be a paraphrase of Document A.",
35254999,P2,4,yes,"Both documents describe the identical research: S2Q-Net, a deep learning tool converting SWI high-pass filtered phase data to quantitative susceptibility maps using edge priors and a Second-order Cross Dense Block. Document B is a plain-language summary of Document A, covering the same methods, contributions, and experimental results.",
35254999,P3,4,yes,"Both documents describe the identical S2Q-Net deep learning framework for QSM reconstruction from SWI high-pass filtered phase data, including the same edge map estimation, Second-order Cross Dense Block, and evaluation on simulated and in-vivo data. Document B appears to be a paraphrase of Document A with no substantive differences in research question, methods, or contributions.",
33711540,P1,4,yes,"Both documents describe the identical FeARH algorithm for federated machine learning on electronic medical records without a trusted central aggregator, using anonymous random hybridization on model parameters. They share the same research question, methods, experimental evaluation metrics (AUCROC, AUCPR), and conclusions. Document B appears to be a paraphrase of Document A.",
33711540,P2,4,yes,"Document B is a plain-language summary of Document A. Both describe the identical FeARH algorithm for federated learning on EHRs without a trusted central coordinator, using the same anonymous random hybridization approach, and evaluate performance with AUCROC and AUCPR against the same benchmarks.",
33711540,P3,4,yes,"Both documents describe the identical research contribution—federated learning without a trusted central server using anonymous random hybridization/blending (FeARH) on electronic medical records—with the same experimental evaluation metrics (AUCROC/AUCPR). Document B appears to be a paraphrased version of Document A, using synonymous terminology throughout.",
32130143,P1,4,yes,"Both documents are essentially the same scoping review on dyadic psychosocial eHealth interventions, covering identical research questions, databases, eligibility criteria, sample sizes (7,113 records, 101 eligible, 52 interventions), and conclusions. Document B appears to be a paraphrased rewrite of Document A with no substantive differences in content or methodology.",
32130143,P2,4,yes,"Document B is a plain-language summary of Document A. Both address the same scoping review of dyadic psychosocial eHealth interventions, use identical search strategy (five databases, through March 2019), report the same results (101 studies, 52 interventions, 73 trials), and draw identical conclusions. They are effectively the same document in different registers.",
32130143,P3,4,yes,"Both documents are essentially identical in research question, methodology, and findings—a systematic scoping review of dyadic/paired psychosocial eHealth/digital health interventions using the same databases, date range, eligibility criteria, and yielding identical numerical results. Document B appears to be a paraphrased version of Document A with synonymous terminology substituted throughout.",
40639554,P1,4,yes,"Both documents are effectively identical — same system (MedKA), same knowledge graph-augmented fine-tuning approach, same cMKGQA corpus, same KG-AEMs evaluation framework, same baseline comparisons, and identical numerical results. Document B appears to be a paraphrase of Document A with no substantive differences.",
40639554,P2,4,yes,"Document B is a plain-language summary of Document A. Both describe the identical MedKA system, cMKGQA dataset, KG-AEMs evaluation framework, and report the same BLEU scores and model comparisons. They address the same research question using the same methods; Document B is simply a lay restatement of Document A.",
40639554,P3,4,yes,"Both documents are identical in content — same MedKA system, same cMKGQA dataset, same KG-AEMs framework, same experimental results, and same GitHub link. Document B is merely a paraphrased version of Document A, substituting terminology (e.g., 'knowledge graph' → 'ontological network') while preserving all methods, findings, and contributions.",
39102679,P1,4,yes,"Both documents are essentially identical in research question, methods (repeated cross-sectional web/directory review), population, time points, and findings. Document B appears to be a paraphrased rewrite of Document A, covering the same telehealth abortion virtual clinic landscape post-Dobbs with the same numerical results.",
39102679,P2,4,yes,"Document B is a plain-language summary of Document A. Both address the same research question (landscape of virtual clinic telehealth abortion post-Dobbs), use identical repeated cross-sectional web-search methodology, and report the same findings, statistics, and conclusions. They are effectively the same study presented in two formats.",
39102679,P3,4,yes,"Both documents address the identical research question—landscape of telehealth-only virtual clinic abortion services post-Dobbs—using the same repeated cross-sectional web search methodology, identical time points, and reporting the same numerical results. Document B appears to be a paraphrased restatement of Document A with synonymous terminology substituted throughout.",
35216751,P1,4,yes,"Both documents are effectively identical studies: same research question (health conditions associated with AD up to 15 years pre-diagnosis), same datasets (THIN, UK and France), same sample sizes, same methods (conditional logistic regression, 123 ICD-10 categories, matched case-control), and identical numerical results. Document B appears to be a paraphrase of Document A.",
35216751,P2,4,yes,"Document B is a plain-language summary of Document A. Both describe the same study, same population (39,000+ AD patients in UK and France), same methods (conditional logistic regression on 123 ICD-10 conditions), and identical findings. They are effectively the same document in different formats.",
35216751,P3,4,yes,"Both documents are virtually identical: same research question (health conditions preceding Alzheimer's diagnosis by up to 15 years), same databases (THIN/France), same sample sizes, same conditional/paired logistic regression on 123 ICD-10 diagnoses, and identical numerical results. Document B appears to be a paraphrased version of Document A.",
40844818,P1,4,yes,"Both documents address identical research questions—how promotional strategies (activity, interactivity, entertainment value) affect hospital social media influence on Weibo—using the same dataset (721 verified hospital accounts, DXY database), identical methods (multivariate linear regression, heterogeneity analysis, robustness checks), and report identical numerical results. Document B appears to be a paraphrase of Document A.",
40844818,P2,4,yes,"Document B is a plain-language summary of Document A. Both cover identical research questions, the same dataset (721 Chinese hospital Weibo accounts), the same three promotional strategies, the same four outcome dimensions, and the same quantitative findings from multivariate regression and heterogeneity analysis.",
40844818,P3,4,yes,"Both documents address identical research questions using the same dataset (721 Weibo hospital accounts, DXY database), identical methods (multivariate linear regression, heterogeneity/subgroup analysis, robustness checks), and report identical numerical results. Document B appears to be a paraphrase of Document A with substituted terminology.",
36066939,P1,4,yes,"Both documents are virtually identical in research question, methods, population, timeframe, and results. Document B appears to be a paraphrase of Document A, reporting the same algorithm for identifying US physicians on Twitter, the same 5-year dataset, and identical numerical findings.",
36066939,P2,4,yes,"Document B is a plain-language summary of Document A. Both describe the identical study: the same custom algorithm, the same 1 trillion tweet corpus (2016–2020), the same 39,084 physician accounts, and the same findings on hashtag topics and longitudinal trends. They are effectively the same document in two formats.",
36066939,P3,4,yes,"Both documents are virtually identical in content, research question, methods, and results—differing only in minor word choices (e.g., 'algorithm' vs. 'computational procedure', 'tweets' vs. 'posts'). They address the same study on identifying US physicians on Twitter over 2016–2020 with the same dataset and analytical approach.",
36384234,P1,4,yes,"Both documents are essentially the same study—same population (Tanzanian cancer patients), same intervention (mPCL), same mixed-methods design (surveys, qualitative interviews, system usage data), and identical numerical results. Document B appears to be a paraphrase or rewrite of Document A with no substantive differences in content or findings.",
36384234,P2,4,yes,"Both documents describe the same study: mPCL app evaluation in Tanzania using mixed methods (surveys, interviews, usage data) among palliative care clinicians caring for discharged cancer patients. Document B is a plain-language summary of Document A, covering identical research questions, methods, population, and findings.",
36384234,P3,4,yes,"Both documents are virtually identical in research question, population, setting, methods (mixed methods: surveys, interviews, usage data), and findings. Document B appears to be a paraphrased version of Document A, covering the same mPCL platform evaluation among Tanzanian cancer patients with identical numerical results.",
39521935,P1,4,yes,"Both documents are essentially identical in research question, methods, population, and results—same 44,502 cancer patients, same NLP-based AE extraction, same propensity score matching, same drug classes, and identical hazard ratios. Document B appears to be a paraphrase or rewrite of Document A with no substantive differences.",
39521935,P2,4,yes,"Document B is a plain-language summary of Document A. Both describe the identical study: NLP extraction of adverse events from 44,502 cancer patients, the same three drug classes, four AEs, propensity score matching, and identical hazard ratio findings. They address the same research question with the same methods and data.",
39521935,P3,4,yes,"Both documents are effectively identical in content—same dataset (44,502 cancer patients), same drugs (PLT, TAX, PYA), same NLP-based AE extraction, same propensity score matching, and same hazard ratio results. Document B is a plain-language rewrite of Document A, addressing the exact same research question with identical methods.",
35671939,P1,4,yes,"Both documents are virtually identical, addressing Individual Reference Intervals using quantile models with penalised parameter estimation on the same VITO IAM Frontier dataset. Document B appears to be a paraphrase of Document A with no substantive methodological or conceptual differences.",
35671939,P2,4,yes,"Document B is a plain-language summary of Document A. Both address the same research question—developing individual reference intervals to complement population reference intervals—using identical methods: quantile models with penalised/information-sharing estimation, simulation benchmarking, and validation on the VITO IAM Frontier study with clinical and metabolomics data.",
35671939,P3,4,yes,"Both documents address identical research questions—computing Individual Reference Intervals via quantile/percentile regression with penalized/regularized parameter estimation—using the same simulation study design and the same VITO IAM Frontier dataset. The texts are near-identical, differing only in minor phrasing, suggesting they are versions of the same manuscript.",
34653809,P1,4,yes,"Both documents address identical research questions—ML NLP classification and risk stratification of penicillin ADRs in EHRs—using the same methods (neural networks, keyword-based algorithm comparison, train/test splits) and report identical numerical results. Document B appears to be a paraphrase or rewrite of Document A.",
34653809,P2,4,yes,"Document B is a plain-language summary of Document A. Both describe the same study: ML/NLP classification of penicillin ADR labels in EHRs, using an artificial neural network to distinguish allergy from intolerance and assess risk. Identical population, methods, results, and conclusions are presented.",
34653809,P3,4,yes,"Both documents address identical research questions—classifying penicillin ADRs and stratifying allergy risk using ML NLP on EHR free-text—with identical methods, datasets, and results (AUC 0.994, 0.988). Document B appears to be a paraphrase of Document A, substituting terminology (e.g., 'deep learning neural network' for 'artificial neural network', 'EMR' for 'EHR').",
36542901,P1,4,yes,"Both documents are virtually identical: same research question (MCI/dementia detection in primary care), same dataset (N=763, Crete cohorts), same methods (Balanced Random Forest, nested cross-validation, global/local model-agnostic analyses), and identical results. Document B appears to be a paraphrase of Document A.",
36542901,P2,4,yes,"Document B is a plain-language summary of Document A. Both describe the identical study: same dataset (N=763, Crete), same Balanced Random Forest Classifier, same three-group classification, same results (74%/73% sensitivity/specificity for MCI vs CNI), and same conclusions about primary-care MCI screening.",
36542901,P3,4,yes,"Both documents are virtually identical: same cohort (N=763, Crete, Greece), same classification tasks (CNI vs MCI, CNI vs Dementia, MCI vs Dementia), same Balanced Random Forest approach, same features, and identical numerical results. Document B appears to be a paraphrased rewrite of Document A with synonymous terminology substituted throughout.",
