pmid,prompt_key,original_argmax,paraphrase_argmax,agree
36173351,P1,D5,D5,True
36173351,P2,D5,D5,True
36173351,P3,D5,D5,True
37695963,P1,D6,D6,True
37695963,P2,D6,D5,False
37695963,P3,D6,D6,True
33030440,P1,D6,D6,True
33030440,P2,D6,D6,True
33030440,P3,D6,D6,True
38852288,P1,D5,D5,True
38852288,P2,D5,D5,True
38852288,P3,D5,D5,True
31295129,P1,D5,D5,True
31295129,P2,D5,D5,True
31295129,P3,D5,D5,True
35398812,P1,D6,D5,False
35398812,P2,D6,D6,True
35398812,P3,D6,D5,False
34328438,P1,D6,D6,True
34328438,P2,D6,D6,True
34328438,P3,D6,D6,True
34004398,P1,D6,D5,False
34004398,P2,D6,D5,False
34004398,P3,D6,D5,False
35216752,P1,D5,D5,True
35216752,P2,D5,D5,True
35216752,P3,D5,D5,True
34766918,P1,D5,D6,False
34766918,P2,D5,D5,True
34766918,P3,D5,D5,True
40329052,P1,D6,D5,False
40329052,P2,D6,D6,True
40329052,P3,D6,D5,False
32215894,P1,D6,D6,True
32215894,P2,D6,D5,False
32215894,P3,D6,D5,False
33145441,P1,D5,D5,True
33145441,P2,D5,D5,True
33145441,P3,D5,D6,False
38670743,P1,D5,D5,True
38670743,P2,D5,D6,False
38670743,P3,D5,D5,True
38772443,P1,D5,D5,True
38772443,P2,D5,D5,True
38772443,P3,D5,D5,True
33120412,P1,D5,D6,False
33120412,P2,D5,D5,True
33120412,P3,D5,D5,True
36150783,P1,D5,D5,True
36150783,P2,D5,D2,False
36150783,P3,D5,D5,True
40360694,P1,D5,D5,True
40360694,P2,D5,D6,False
40360694,P3,D5,D5,True
41135780,P1,D6,D6,True
41135780,P2,D6,D5,False
41135780,P3,D6,D5,False
39631488,P1,D5,D5,True
39631488,P2,D5,D5,True
39631488,P3,D5,D5,True
33258785,P1,D5,D5,True
33258785,P2,D5,D5,True
33258785,P3,D5,D5,True
36702920,P1,D5,D2,False
36702920,P2,D5,D10,False
36702920,P3,D5,D5,True
33646966,P1,D6,D5,False
33646966,P2,D6,D5,False
33646966,P3,D6,D5,False
36343512,P1,D6,D6,True
36343512,P2,D6,D6,True
36343512,P3,D6,D6,True
37467834,P1,D5,D5,True
37467834,P2,D5,D5,True
37467834,P3,D5,D5,True
32827027,P1,D5,D5,True
32827027,P2,D5,D5,True
32827027,P3,D5,D6,False
40044879,P1,D2,D5,False
40044879,P2,D2,D6,False
40044879,P3,D2,D5,False
37709945,P1,D5,D5,True
37709945,P2,D5,D5,True
37709945,P3,D5,D5,True
33360844,P1,D5,D5,True
33360844,P2,D5,D5,True
33360844,P3,D5,D5,True
34347610,P1,D5,D5,True
34347610,P2,D5,D5,True
34347610,P3,D5,D5,True
35895638,P1,D5,D5,True
35895638,P2,D5,D5,True
35895638,P3,D5,D5,True
34320682,P1,D6,D6,True
34320682,P2,D6,D6,True
34320682,P3,D6,D6,True
37673925,P1,D5,D5,True
37673925,P2,D5,D6,False
37673925,P3,D5,D5,True
38801765,P1,D6,D6,True
38801765,P2,D6,D6,True
38801765,P3,D6,D5,False
39150767,P1,D6,D5,False
39150767,P2,D6,D6,True
39150767,P3,D6,D5,False
39393125,P1,D2,D2,True
39393125,P2,D2,D6,False
39393125,P3,D2,D2,True
39348281,P1,D5,D5,True
39348281,P2,D5,D8,False
39348281,P3,D5,D8,False
32000012,P1,D2,D6,False
32000012,P2,D2,D6,False
32000012,P3,D2,D6,False
34533459,P1,D5,D5,True
34533459,P2,D5,D5,True
34533459,P3,D5,D5,True
36879025,P1,D5,D5,True
36879025,P2,D5,D5,True
36879025,P3,D5,D5,True
39951717,P1,D5,D6,False
39951717,P2,D5,D5,True
39951717,P3,D5,D6,False
36572766,P1,D2,D5,False
36572766,P2,D2,D5,False
36572766,P3,D2,D5,False
36085350,P1,D5,D5,True
36085350,P2,D5,D6,False
36085350,P3,D5,D5,True
39547912,P1,D5,D5,True
39547912,P2,D5,D5,True
39547912,P3,D5,D5,True
36916740,P1,D5,D6,False
36916740,P2,D5,D6,False
36916740,P3,D5,D6,False
40953593,P1,D5,D6,False
40953593,P2,D5,D6,False
40953593,P3,D5,D5,True
36513808,P1,D5,D5,True
36513808,P2,D5,D5,True
36513808,P3,D5,D5,True
35254999,P1,D5,D5,True
35254999,P2,D5,D5,True
35254999,P3,D5,D5,True
33711540,P1,D5,D5,True
33711540,P2,D5,D5,True
33711540,P3,D5,D5,True
32130143,P1,D6,D6,True
32130143,P2,D6,D6,True
32130143,P3,D6,D6,True
40639554,P1,D6,D5,False
40639554,P2,D6,D5,False
40639554,P3,D6,D5,False
39102679,P1,D6,D6,True
39102679,P2,D6,D5,False
39102679,P3,D6,D6,True
35216751,P1,D5,D5,True
35216751,P2,D5,D5,True
35216751,P3,D5,D5,True
40844818,P1,D5,D5,True
40844818,P2,D5,D5,True
40844818,P3,D5,D5,True
36066939,P1,D5,D5,True
36066939,P2,D5,D6,False
36066939,P3,D5,D5,True
36384234,P1,D6,D5,False
36384234,P2,D6,D6,True
36384234,P3,D6,D6,True
39521935,P1,D5,D5,True
39521935,P2,D5,D5,True
39521935,P3,D5,D5,True
35671939,P1,D5,D5,True
35671939,P2,D5,D5,True
35671939,P3,D5,D5,True
34653809,P1,D5,D5,True
34653809,P2,D5,D5,True
34653809,P3,D5,D5,True
36542901,P1,D5,D5,True
36542901,P2,D5,D5,True
36542901,P3,D5,D5,True
