pmid,prompt_key,cosine
36173351,P1,0.9236422777175903
37695963,P1,0.9645299911499023
33030440,P1,0.9659395217895508
38852288,P1,0.9740135073661804
31295129,P1,0.9726393222808838
35398812,P1,0.9830923676490784
34328438,P1,0.9679599404335022
34004398,P1,0.9646634459495544
35216752,P1,0.9847856163978577
34766918,P1,0.9758999347686768
40329052,P1,0.9769484400749207
32215894,P1,0.9660070538520813
33145441,P1,0.9807382822036743
38670743,P1,0.9877487421035767
38772443,P1,0.9788838624954224
33120412,P1,0.9616191387176514
36150783,P1,0.9411728382110596
40360694,P1,0.9436362981796265
41135780,P1,0.9785135984420776
39631488,P1,0.9741927981376648
33258785,P1,0.9742238521575928
36702920,P1,0.8368409276008606
33646966,P1,0.9842202067375183
36343512,P1,0.9492497444152832
37467834,P1,0.9650994539260864
32827027,P1,0.9832907915115356
40044879,P1,0.9280731081962585
37709945,P1,0.9518693685531616
33360844,P1,0.9807772636413574
34347610,P1,0.9571552872657776
35895638,P1,0.966556191444397
34320682,P1,0.9665740728378296
37673925,P1,0.9561128616333008
38801765,P1,0.9690093398094177
39150767,P1,0.9577027559280396
39393125,P1,0.9769748449325562
39348281,P1,0.9474129676818848
32000012,P1,0.9790105819702148
34533459,P1,0.9742461442947388
36879025,P1,0.977660596370697
39951717,P1,0.9691402316093445
36572766,P1,0.9704955816268921
36085350,P1,0.9631105065345764
39547912,P1,0.9221764206886292
36916740,P1,0.9643445014953613
40953593,P1,0.979949951171875
36513808,P1,0.9269899129867554
35254999,P1,0.9769726991653442
33711540,P1,0.9361098408699036
32130143,P1,0.9879460334777832
40639554,P1,0.9661040306091309
39102679,P1,0.9686715602874756
35216751,P1,0.9624552130699158
40844818,P1,0.9751356840133667
36066939,P1,0.9675493240356445
36384234,P1,0.9771299958229065
39521935,P1,0.9581571221351624
35671939,P1,0.9475831389427185
34653809,P1,0.9857821464538574
36542901,P1,0.975017786026001
36173351,P2,0.8807902336120605
37695963,P2,0.8878735303878784
33030440,P2,0.8810951709747314
38852288,P2,0.9113210439682007
31295129,P2,0.8968630433082581
35398812,P2,0.9513649344444275
34328438,P2,0.9331399202346802
34004398,P2,0.9213868975639343
35216752,P2,0.8863910436630249
34766918,P2,0.9519516229629517
40329052,P2,0.9222325086593628
32215894,P2,0.9313193559646606
33145441,P2,0.9392877817153931
38670743,P2,0.9113648533821106
38772443,P2,0.9059044122695923
33120412,P2,0.9102811813354492
36150783,P2,0.9278709292411804
40360694,P2,0.8776540756225586
41135780,P2,0.9030618667602539
39631488,P2,0.8704237341880798
33258785,P2,0.9215177297592163
36702920,P2,0.83570796251297
33646966,P2,0.9208592176437378
36343512,P2,0.9065712094306946
37467834,P2,0.8575265407562256
32827027,P2,0.9017013311386108
40044879,P2,0.8269646167755127
37709945,P2,0.9214721918106079
33360844,P2,0.9423401951789856
34347610,P2,0.8383479118347168
35895638,P2,0.9181592464447021
34320682,P2,0.9278437495231628
37673925,P2,0.9135598540306091
38801765,P2,0.9309630393981934
39150767,P2,0.8920308351516724
39393125,P2,0.8759938478469849
39348281,P2,0.8895412683486938
32000012,P2,0.9276508688926697
34533459,P2,0.926529049873352
36879025,P2,0.9326412677764893
39951717,P2,0.9109735488891602
36572766,P2,0.9504262208938599
36085350,P2,0.9283125400543213
39547912,P2,0.8304636478424072
36916740,P2,0.9184763431549072
40953593,P2,0.9112807512283325
36513808,P2,0.9162917137145996
35254999,P2,0.8827395439147949
33711540,P2,0.9008291363716125
32130143,P2,0.9067567586898804
40639554,P2,0.8981109857559204
39102679,P2,0.9451299905776978
35216751,P2,0.8864977955818176
40844818,P2,0.9264672994613647
36066939,P2,0.9397106170654297
36384234,P2,0.9595669507980347
39521935,P2,0.9023693799972534
35671939,P2,0.8562750816345215
34653809,P2,0.9090234041213989
36542901,P2,0.9072350859642029
36173351,P3,0.8912789821624756
37695963,P3,0.861370325088501
33030440,P3,0.8937435746192932
38852288,P3,0.9277437925338745
31295129,P3,0.9057998061180115
35398812,P3,0.9306321740150452
34328438,P3,0.9575797915458679
34004398,P3,0.9417506456375122
35216752,P3,0.9020110368728638
34766918,P3,0.9742699861526489
40329052,P3,0.9284627437591553
32215894,P3,0.940840482711792
33145441,P3,0.9338474273681641
38670743,P3,0.879896879196167
38772443,P3,0.9439084529876709
33120412,P3,0.9261279702186584
36150783,P3,0.8721895813941956
40360694,P3,0.8582810163497925
41135780,P3,0.9566330313682556
39631488,P3,0.896493136882782
33258785,P3,0.9541052579879761
36702920,P3,0.7625249624252319
33646966,P3,0.9540116190910339
36343512,P3,0.8782001733779907
37467834,P3,0.9502437114715576
32827027,P3,0.953822135925293
40044879,P3,0.8103360533714294
37709945,P3,0.8764050602912903
33360844,P3,0.9395768046379089
34347610,P3,0.889500081539154
35895638,P3,0.9449343085289001
34320682,P3,0.915316104888916
37673925,P3,0.9197199940681458
38801765,P3,0.8994006514549255
39150767,P3,0.911547064781189
39393125,P3,0.8916032910346985
39348281,P3,0.9206050634384155
32000012,P3,0.9408096671104431
34533459,P3,0.9439314603805542
36879025,P3,0.9527903199195862
39951717,P3,0.8458450436592102
36572766,P3,0.9333550333976746
36085350,P3,0.9440423250198364
39547912,P3,0.839017391204834
36916740,P3,0.8736279010772705
40953593,P3,0.9152414202690125
36513808,P3,0.8105475902557373
35254999,P3,0.931790292263031
33711540,P3,0.837098240852356
32130143,P3,0.9157175421714783
40639554,P3,0.9039316177368164
39102679,P3,0.9432268142700195
35216751,P3,0.9596368670463562
40844818,P3,0.9105849266052246
36066939,P3,0.9755245447158813
36384234,P3,0.9831340312957764
39521935,P3,0.9327967166900635
35671939,P3,0.9458485245704651
34653809,P3,0.9610671997070312
36542901,P3,0.9473724365234375
