domain,short,method_a_avg_cosine,method_b_delta,method_c_mean_rating,method_c_n_pairs
D1,Health Sci,0.5918242573738098,0.010483525887890463,0.4,10
D2,HIT,0.611332947299594,0.03590825092750639,0.5238095238095238,21
D3,Soc/Beh,0.6344270507494608,0.02159479373856781,0.3333333333333333,3
D4,InfoSci/CS,0.7076753377914429,0.02390826973625433,2.0,1
D5,Data Analytics,0.6209380331605968,-0.3307823968927948,0.47194719471947194,303
D6,Leadership,0.6345551662974888,0.10508917697621165,0.6074074074074074,135
D7,Trans Bioinf,0.531398594379425,0.022462347237700256,0.0,1
D8,Clinical Inf,0.6385983765125275,0.11870200830406222,0.7,10
D9,Public Health,0.5957828760147095,0.003608928512651235,0.5,2
D10,Consumer Health,0.5796133710278405,-0.010974904428049485,0.5555555555555556,9
