capstone_id,pmid,bucket,cosine_sim,method_c_rating,cap_amia,jrn_amia,method_b_agree
cap_0128,39179311,Q1,0.559728741645813,0,D7,D6,0
cap_0269,34255676,Q1,0.579566240310669,0,D2,D1,0
cap_0190,36367914,Q1,0.5486469268798828,0,D6,D5,0
cap_0137,32711124,Q1,0.5813875198364258,1,D1,D5,0
cap_0131,36084537,Q1,0.5565711259841919,0,D5,D6,0
cap_0219,39393124,Q1,0.5814473032951355,0,D6,D9,0
cap_0030,33459597,Q1,0.5760974884033203,0,D5,D5,1
cap_0099,33895377,Q1,0.5559632182121277,2,D6,D5,0
cap_0033,31380772,Q1,0.536819577217102,0,D6,D5,0
cap_0206,39331460,Q1,0.5421187281608582,0,D2,D5,0
cap_0036,40274037,Q1,0.5753854513168335,0,D6,D5,0
cap_0143,38412077,Q1,0.47541993856430054,0,D4,D5,0
cap_0128,38272432,Q1,0.5400770902633667,0,D7,D5,0
cap_0230,33334574,Q1,0.5325021743774414,0,D6,D5,0
cap_0115,39560363,Q1,0.5598085522651672,1,D5,D5,1
cap_0200,35568691,Q1,0.5796727538108826,1,D7,D5,0
cap_0234,35213319,Q1,0.5074039697647095,0,D6,D5,0
cap_0039,33861206,Q1,0.5421050786972046,0,D6,D5,0
cap_0253,37314842,Q1,0.516710638999939,0,D5,D1,0
cap_0278,35439153,Q1,0.5603692531585693,0,D5,D5,1
cap_0048,36963450,Q1,0.5704941749572754,0,D6,D5,0
cap_0262,38564357,Q1,0.5604668259620667,0,D5,D5,1
cap_0255,36335031,Q1,0.5416490435600281,0,D5,D10,0
cap_0024,40402698,Q1,0.5469702482223511,0,D6,D5,0
cap_0031,41188115,Q1,0.5831824541091919,1,D6,D1,0
cap_0235,37027579,Q1,0.5566016435623169,0,D6,D5,0
cap_0223,38531255,Q1,0.576846718788147,0,D6,D5,0
cap_0038,33677514,Q1,0.5688013434410095,0,D6,D5,0
cap_0215,31880570,Q1,0.5815063714981079,0,D5,D5,1
cap_0026,38349827,Q1,0.5624822974205017,0,D4,D5,0
cap_0057,33631381,Q1,0.5811134576797485,0,D8,D5,0
cap_0152,40366850,Q1,0.5373626947402954,1,D6,D5,0
cap_0201,32643779,Q1,0.5109065175056458,0,D5,D2,0
cap_0146,33434138,Q1,0.5414501428604126,0,D8,D5,0
cap_0149,31581104,Q1,0.5604694485664368,0,D5,D5,1
cap_0079,37294651,Q1,0.5621538162231445,0,D6,D5,0
cap_0260,32049356,Q1,0.571914792060852,0,D5,D5,1
cap_0221,37164356,Q1,0.548117995262146,0,D6,D2,0
cap_0181,32386168,Q1,0.5286441445350647,0,D6,D6,1
cap_0217,34665748,Q1,0.5733658075332642,1,D6,D5,0
cap_0016,35414651,Q1,0.5355554223060608,0,D6,D5,0
cap_0235,38325409,Q1,0.545091450214386,1,D6,D2,0
cap_0149,40031173,Q1,0.5317424535751343,0,D5,D5,1
cap_0119,31682253,Q1,0.5536497831344604,0,D6,D2,0
cap_0130,33119515,Q1,0.5316803455352783,0,D4,D5,0
cap_0138,36168038,Q1,0.571114718914032,0,D5,D5,1
cap_0174,31443057,Q1,0.5558061599731445,0,D6,D5,0
cap_0013,34800722,Q1,0.562241792678833,0,D2,D5,0
cap_0215,39412973,Q1,0.550790011882782,0,D5,D5,1
cap_0048,38366906,Q1,0.5468254685401917,0,D6,D8,0
cap_0184,37015504,Q1,0.5463154315948486,0,D7,D5,0
cap_0257,33887589,Q1,0.5116872191429138,0,D5,D6,0
cap_0195,32853795,Q1,0.5280846357345581,0,D5,D5,1
cap_0114,39657401,Q1,0.5735096335411072,0,D8,D5,0
cap_0130,38916936,Q1,0.5413821935653687,0,D4,D2,0
cap_0136,32305948,Q1,0.5579202175140381,0,D4,D5,0
cap_0264,35216746,Q1,0.5663044452667236,0,D1,D2,0
cap_0144,38564961,Q1,0.420306921005249,0,?,D5,0
cap_0209,34357872,Q1,0.5690767168998718,0,D6,D5,0
cap_0211,40273596,Q1,0.5820040702819824,1,D5,D5,1
cap_0120,40467758,Q1,0.5399507880210876,0,D8,D5,0
cap_0115,33716168,Q1,0.5481189489364624,0,D5,D5,1
cap_0218,34156956,Q1,0.5359368920326233,0,D6,D5,0
cap_0014,40373305,Q1,0.5468305945396423,0,D6,D5,0
cap_0177,34309573,Q1,0.5669585466384888,1,D6,D6,1
cap_0195,37647884,Q1,0.580702006816864,0,D5,D5,1
cap_0232,32123864,Q1,0.5812718272209167,0,D6,D5,0
cap_0015,33990692,Q1,0.5480225682258606,0,D6,D5,0
cap_0072,32692845,Q1,0.5195966958999634,1,D5,D10,0
cap_0017,40269244,Q1,0.5492751598358154,1,D5,D5,1
cap_0279,39589775,Q1,0.5733180046081543,0,D6,D6,1
cap_0214,36963906,Q1,0.5146471261978149,0,D1,D2,0
cap_0007,38345954,Q1,0.467312753200531,0,D8,D6,0
cap_0241,36150779,Q1,0.531398594379425,0,D8,D7,0
cap_0201,33750739,Q1,0.5475754737854004,0,D5,D5,1
cap_0128,36122593,Q1,0.5107763409614563,0,D7,D6,0
cap_0241,41266569,Q1,0.5375310182571411,0,D8,D5,0
cap_0039,40517323,Q1,0.5060650706291199,0,D6,D1,0
cap_0114,33378704,Q1,0.5720615386962891,0,D8,D5,0
cap_0011,37022917,Q1,0.5668735504150391,0,D1,D5,0
cap_0017,31403448,Q1,0.5747243165969849,0,D5,D5,1
cap_0143,33910260,Q1,0.5252743363380432,0,D4,D6,0
cap_0280,32763889,Q1,0.542903482913971,0,D6,D6,1
cap_0129,33905340,Q1,0.5289965271949768,0,D3,D6,0
cap_0091,38789723,Q1,0.5776488184928894,0,D5,D5,1
cap_0226,37236694,Q1,0.5279000997543335,0,D2,D5,0
cap_0174,35948612,Q1,0.5737629532814026,0,D6,D5,0
cap_0192,33328089,Q1,0.5711897611618042,1,D5,D5,1
cap_0137,37419042,Q1,0.5206747651100159,0,D1,D6,0
cap_0220,39196745,Q1,0.5210456848144531,0,D5,D5,1
cap_0123,35641135,Q1,0.5805452466011047,0,D5,D5,1
cap_0110,35652165,Q1,0.5661486983299255,0,D2,D10,0
cap_0024,40082585,Q1,0.5522677302360535,0,D6,D5,0
cap_0195,36242855,Q1,0.5484548807144165,1,D5,D6,0
cap_0101,39058614,Q1,0.5614902377128601,0,D5,D5,1
cap_0016,38871012,Q1,0.5713709592819214,0,D6,D5,0
cap_0154,33603132,Q1,0.5617229342460632,0,D8,D5,0
cap_0131,34628257,Q1,0.48915767669677734,0,D5,D6,0
cap_0234,37527302,Q1,0.5358706712722778,0,D6,D6,1
cap_0183,33763847,Q2,0.6127198934555054,1,D5,D6,0
cap_0130,34010406,Q2,0.6047724485397339,0,D4,D6,0
cap_0045,31790857,Q2,0.6154459118843079,0,D5,D5,1
cap_0222,37257630,Q2,0.608727753162384,0,D6,D5,0
cap_0019,32780704,Q2,0.605187177658081,0,D8,D5,0
cap_0038,37093722,Q2,0.5879218578338623,0,D6,D5,0
cap_0094,41100230,Q2,0.5871162414550781,1,D2,D5,0
cap_0136,37247470,Q2,0.6074091196060181,1,D4,D6,0
cap_0169,38065557,Q2,0.6164661049842834,1,D7,D6,0
cap_0050,37037255,Q2,0.6196997761726379,0,D6,D5,0
cap_0091,34000481,Q2,0.5872103571891785,1,D5,D6,0
cap_0131,32905027,Q2,0.6102429628372192,0,D5,D6,0
cap_0023,41102392,Q2,0.6016309857368469,0,D5,D5,1
cap_0111,38497958,Q2,0.6038646101951599,0,D5,D5,1
cap_0235,40460029,Q2,0.5875709652900696,0,D6,D6,1
cap_0183,37352900,Q2,0.5902976989746094,0,D5,D5,1
cap_0037,34229061,Q2,0.617816150188446,0,D5,D5,1
cap_0034,36064112,Q2,0.5916967988014221,1,D5,D5,1
cap_0047,35124236,Q2,0.6101686954498291,0,D6,D6,1
cap_0135,33271341,Q2,0.6160027980804443,0,D3,D5,0
cap_0223,35728358,Q2,0.6151939630508423,0,D6,D5,0
cap_0130,32969000,Q2,0.5904273390769958,1,D4,D6,0
cap_0083,37126377,Q2,0.6187374591827393,0,D8,D5,0
cap_0246,40148008,Q2,0.6052439212799072,0,D5,D1,0
cap_0134,40030432,Q2,0.5971234440803528,0,D2,D5,0
cap_0197,32348469,Q2,0.6159169673919678,0,D5,D6,0
cap_0078,32540845,Q2,0.6143574118614197,1,D5,D5,1
cap_0026,37163956,Q2,0.6177232265472412,0,D4,D5,0
cap_0234,40750683,Q2,0.5961391925811768,0,D6,D5,0
cap_0208,35290190,Q2,0.6132922172546387,0,D8,D5,0
cap_0152,36607712,Q2,0.6161117553710938,1,D6,D6,1
cap_0171,37968446,Q2,0.6007767915725708,0,D8,D5,0
cap_0217,37087108,Q2,0.5865484476089478,1,D6,D5,0
cap_0007,34549294,Q2,0.6073589324951172,0,D8,D6,0
cap_0206,37311708,Q2,0.6037477850914001,0,D2,D6,0
cap_0124,33328077,Q2,0.5837056636810303,1,D6,D10,0
cap_0285,41248319,Q2,0.6147909164428711,0,D6,D5,0
cap_0006,36048021,Q2,0.606783390045166,0,D5,D5,1
cap_0249,38901268,Q2,0.6003100275993347,1,D8,D6,0
cap_0268,38906614,Q2,0.6090618371963501,0,D5,D5,1
cap_0145,38252469,Q2,0.5917478799819946,0,D5,D5,1
cap_0028,34990941,Q2,0.5925845503807068,0,D6,D5,0
cap_0079,38833299,Q2,0.6024034023284912,0,D6,D5,0
cap_0189,34998740,Q2,0.5873225331306458,0,D6,D5,0
cap_0026,35799406,Q2,0.6031205654144287,1,D4,D5,0
cap_0169,33211862,Q2,0.6086520552635193,0,D7,D2,0
cap_0132,36322123,Q2,0.6136552095413208,0,D8,D5,0
cap_0090,37086959,Q2,0.609181821346283,0,D5,D5,1
cap_0093,40036458,Q2,0.6058322787284851,0,D6,D5,0
cap_0137,35325661,Q2,0.6023185849189758,0,D1,D6,0
cap_0157,40148011,Q2,0.5937178134918213,0,D5,D6,0
cap_0124,32663739,Q2,0.5843759775161743,0,D6,D5,0
cap_0145,37307721,Q2,0.5916033387184143,1,D5,D6,0
cap_0276,39509952,Q2,0.5963910222053528,1,D6,D5,0
cap_0229,38520907,Q2,0.597465455532074,0,D4,D6,0
cap_0138,35821515,Q2,0.6174114942550659,1,D5,D5,1
cap_0145,37488023,Q2,0.6073904037475586,0,D5,D6,0
cap_0082,32512209,Q2,0.6112620830535889,1,D8,D5,0
cap_0106,35536820,Q2,0.5874776840209961,0,D6,D5,0
cap_0200,37669210,Q2,0.5869385004043579,0,D7,D5,0
cap_0212,33479727,Q2,0.5858914852142334,0,D5,D5,1
cap_0131,40234671,Q2,0.5908061265945435,0,D5,D5,1
cap_0141,39427092,Q2,0.5884873867034912,0,D4,D5,0
cap_0101,35191847,Q2,0.5991566181182861,1,D5,D5,1
cap_0158,40816978,Q2,0.595538318157196,0,D6,D5,0
cap_0101,34018941,Q2,0.601177990436554,0,D5,D6,0
cap_0142,36050372,Q2,0.5867381691932678,0,D6,D5,0
cap_0228,32593010,Q2,0.5951801538467407,1,D6,D5,0
cap_0194,37027202,Q2,0.5961676836013794,0,D8,D5,0
cap_0128,38718670,Q2,0.595041036605835,1,D7,D2,0
cap_0158,31914472,Q2,0.614386796951294,0,D6,D6,1
cap_0087,32673791,Q2,0.6047360897064209,0,D2,D5,0
cap_0278,37704104,Q2,0.585102915763855,0,D5,D5,1
cap_0022,35788693,Q2,0.6032755374908447,0,D8,D5,0
cap_0040,37075802,Q2,0.5866987705230713,1,D5,D6,0
cap_0178,34797769,Q2,0.5921618342399597,0,D5,D5,1
cap_0222,34664647,Q2,0.5919454097747803,0,D6,D6,1
cap_0280,38865703,Q2,0.609093189239502,0,D6,D6,1
cap_0213,36731394,Q2,0.5927865505218506,0,D8,D5,0
cap_0231,37155395,Q2,0.6136274933815002,0,D5,D5,1
cap_0140,35788693,Q2,0.6148008108139038,0,D6,D5,0
cap_0043,39560363,Q2,0.5872941613197327,0,D5,D5,1
cap_0170,37204828,Q2,0.6029049754142761,0,D2,D5,0
cap_0193,35538215,Q2,0.6020333766937256,0,D7,D5,0
cap_0261,39722252,Q2,0.5863584876060486,0,D6,D8,0
cap_0057,36255273,Q2,0.6010895371437073,0,D8,D5,0
cap_0226,36828604,Q2,0.5855463147163391,0,D2,D5,0
cap_0165,40360731,Q2,0.5860344171524048,0,D8,D5,0
cap_0046,33542473,Q2,0.5881466865539551,1,D6,D5,0
cap_0079,40953713,Q2,0.6152472496032715,0,D6,D5,0
cap_0079,37890902,Q2,0.6198127865791321,0,D6,D5,0
cap_0012,40471744,Q2,0.6005685329437256,0,D6,D5,0
cap_0168,36587533,Q2,0.6108493804931641,1,D6,D6,1
cap_0229,37210229,Q2,0.6071788668632507,0,D4,D5,0
cap_0047,39779875,Q2,0.5971327424049377,0,D6,D5,0
cap_0272,34061758,Q2,0.5936617255210876,0,D2,D6,0
cap_0279,36462599,Q2,0.5918009877204895,0,D6,D5,0
cap_0023,40674858,Q2,0.6127877235412598,0,D5,D5,1
cap_0213,31390003,Q2,0.5874654054641724,0,D8,D5,0
cap_0263,36056245,Q2,0.6102826595306396,0,D6,D3,0
cap_0126,39965778,Q3,0.6435236930847168,0,D6,D6,1
cap_0176,31922491,Q3,0.6420704126358032,1,D7,D6,0
cap_0278,40205021,Q3,0.6509448289871216,0,D5,D5,1
cap_0070,35635827,Q3,0.6484389305114746,1,D5,D5,1
cap_0095,35165743,Q3,0.6271763443946838,0,D5,D5,1
cap_0178,31295129,Q3,0.6386046409606934,0,D5,D5,1
cap_0149,33180917,Q3,0.6510649919509888,1,D5,D6,0
cap_0243,32531724,Q3,0.6352069973945618,0,D6,D5,0
cap_0277,37399062,Q3,0.6284993886947632,1,D4,D5,0
cap_0232,40795950,Q3,0.6512298583984375,0,D6,D8,0
cap_0043,39965778,Q3,0.6360377073287964,0,D5,D6,0
cap_0085,40424619,Q3,0.6351639628410339,1,D6,D6,1
cap_0053,33509383,Q3,0.6381505727767944,0,D6,D2,0
cap_0244,35939479,Q3,0.6320372819900513,1,D5,D5,1
cap_0238,35504543,Q3,0.6512753963470459,1,D8,D5,0
cap_0238,39401254,Q3,0.6220080256462097,0,D8,D6,0
cap_0269,36329127,Q3,0.6238701343536377,0,D2,D5,0
cap_0248,34398799,Q3,0.6235491633415222,1,D2,D10,0
cap_0158,39561355,Q3,0.6410554647445679,0,D6,D6,1
cap_0280,40602775,Q3,0.6278253793716431,0,D6,D6,1
cap_0011,35595298,Q3,0.6340982913970947,1,D1,D2,0
cap_0041,38981834,Q3,0.6231139302253723,0,D6,D5,0
cap_0224,32339749,Q3,0.627206027507782,1,D6,D5,0
cap_0084,32890727,Q3,0.6232895255088806,0,D5,D5,1
cap_0051,36333514,Q3,0.6512673497200012,0,D9,D3,0
cap_0142,38395539,Q3,0.6219958662986755,0,D6,D5,0
cap_0271,33258788,Q3,0.6490917205810547,0,D5,D6,0
cap_0122,33493631,Q3,0.643653392791748,1,D1,D5,0
cap_0009,34030088,Q3,0.6454708576202393,0,D5,D5,1
cap_0041,38359876,Q3,0.6298172473907471,1,D6,D6,1
cap_0270,36473408,Q3,0.6410525441169739,1,D5,D5,1
cap_0187,36323282,Q3,0.6462933421134949,1,D6,D2,0
cap_0246,40695991,Q3,0.6539018750190735,0,D5,D10,0
cap_0165,33887457,Q3,0.6521741151809692,0,D8,D5,0
cap_0149,35435957,Q3,0.637970507144928,0,D5,D5,1
cap_0200,35389359,Q3,0.6367452144622803,1,D7,D6,0
cap_0047,37955965,Q3,0.6397519111633301,1,D6,D5,0
cap_0088,40582297,Q3,0.6329938173294067,1,D3,D5,0
cap_0179,39208311,Q3,0.6367868185043335,1,D1,D5,0
cap_0212,38458233,Q3,0.6419342756271362,0,D5,D5,1
cap_0043,37967936,Q3,0.6462073922157288,1,D5,D6,0
cap_0154,38833297,Q3,0.6229262948036194,1,D8,D6,0
cap_0098,32672680,Q3,0.6278353333473206,0,D8,D6,0
cap_0089,32976111,Q3,0.6267239451408386,2,D2,D5,0
cap_0136,36099018,Q3,0.6354267597198486,0,D4,D8,0
cap_0196,36040782,Q3,0.6250629425048828,1,D2,D6,0
cap_0076,38306850,Q3,0.6432321667671204,1,D5,D6,0
cap_0009,32570196,Q3,0.6372941136360168,1,D5,D6,0
cap_0220,37172264,Q3,0.637330949306488,0,D5,D5,1
cap_0254,38901270,Q3,0.6440077424049377,0,D6,D6,1
cap_0011,40966762,Q3,0.6403251886367798,0,D1,D5,0
cap_0037,34132644,Q3,0.6399177312850952,0,D5,D6,0
cap_0288,36990454,Q3,0.6495761275291443,1,D8,D6,0
cap_0043,35803894,Q3,0.6248759031295776,1,D5,D5,1
cap_0215,38431151,Q3,0.6269412040710449,0,D5,D5,1
cap_0122,38057261,Q3,0.6488244533538818,0,D1,D6,0
cap_0230,40514431,Q3,0.6379011273384094,0,D6,D5,0
cap_0115,33108313,Q3,0.6417311429977417,1,D5,D3,0
cap_0092,32750982,Q3,0.653704047203064,1,D3,D5,0
cap_0029,37032200,Q3,0.6359683275222778,0,D1,D5,0
cap_0149,38759477,Q3,0.6473047733306885,1,D5,D6,0
cap_0252,40659838,Q3,0.6500070691108704,1,D5,D5,1
cap_0046,32258430,Q3,0.6384903788566589,0,D6,D5,0
cap_0127,40527698,Q3,0.6454390287399292,1,D5,D1,0
cap_0281,38387198,Q3,0.6239938735961914,0,D5,D5,1
cap_0056,37665701,Q3,0.6516883969306946,0,D5,D6,0
cap_0187,35998814,Q3,0.6388636827468872,1,D6,D6,1
cap_0029,40056434,Q3,0.6225696802139282,0,D1,D6,0
cap_0086,37099371,Q3,0.635515034198761,1,D5,D6,0
cap_0135,36889339,Q3,0.6538687944412231,1,D3,D5,0
cap_0271,39757295,Q3,0.6400972604751587,0,D5,D5,1
cap_0004,38531676,Q3,0.634552001953125,0,D10,D5,0
cap_0227,34781009,Q3,0.6394158005714417,1,D6,D5,0
cap_0205,37220702,Q3,0.6338791847229004,0,D6,D5,0
cap_0037,40298903,Q3,0.6455608606338501,1,D5,D6,0
cap_0083,35545663,Q3,0.6249381303787231,0,D8,D10,0
cap_0120,40419253,Q3,0.6430997848510742,1,D8,D6,0
cap_0062,33596593,Q3,0.6461600065231323,1,D6,D5,0
cap_0151,40044019,Q3,0.6387492418289185,0,D2,D5,0
cap_0168,36638935,Q3,0.6546874046325684,1,D6,D6,1
cap_0282,34333626,Q3,0.6226546168327332,0,D6,D5,0
cap_0236,33001828,Q3,0.6260437965393066,1,D6,D1,0
cap_0127,36632861,Q3,0.6386361718177795,1,D5,D5,1
cap_0196,36737644,Q3,0.6362842917442322,1,D2,D5,0
cap_0176,38381640,Q3,0.6440914273262024,0,D7,D5,0
cap_0219,41454006,Q3,0.6335023641586304,0,D6,D5,0
cap_0223,37087108,Q3,0.638978123664856,0,D6,D5,0
cap_0071,37352394,Q3,0.6479141116142273,1,D5,D5,1
cap_0150,39626227,Q3,0.6276898384094238,0,D6,D6,1
cap_0227,33418439,Q3,0.63646000623703,1,D6,D5,0
cap_0270,35121356,Q3,0.6352205276489258,1,D5,D5,1
cap_0093,40030301,Q3,0.6264247298240662,1,D6,D5,0
cap_0041,32333757,Q3,0.6216027736663818,1,D6,D5,0
cap_0172,34649111,Q3,0.6367760300636292,0,D6,D8,0
cap_0086,35688333,Q3,0.6214022636413574,0,D5,D1,0
cap_0108,39384452,Q3,0.648357629776001,1,D6,D1,0
cap_0045,40640575,Q3,0.6455601453781128,1,D5,D5,1
cap_0006,37100542,Q3,0.6273232102394104,0,D5,D5,1
cap_0282,40753860,Q3,0.6372450590133667,1,D6,D5,0
cap_0271,35838764,Q3,0.6315663456916809,0,D5,D5,1
cap_0083,39746430,Q4,0.6652562618255615,1,D8,D5,0
cap_0046,35167977,Q4,0.6938544511795044,1,D6,D2,0
cap_0081,40523638,Q4,0.6864045858383179,1,D6,D5,0
cap_0032,34880410,Q4,0.6599205732345581,1,D5,D5,1
cap_0182,40707735,Q4,0.6835384964942932,1,D5,D5,1
cap_0055,32396109,Q4,0.6566187739372253,1,D5,D5,1
cap_0096,39843957,Q4,0.69172203540802,1,D6,D5,0
cap_0054,40030494,Q4,0.6956962943077087,0,D7,D5,0
cap_0072,41412453,Q4,0.6863414645195007,1,D5,D5,1
cap_0225,35190834,Q4,0.6829023361206055,0,D8,D5,0
cap_0187,37615994,Q4,0.68609619140625,1,D6,D5,0
cap_0218,40153891,Q4,0.6569511890411377,0,D6,D5,0
cap_0099,32623329,Q4,0.6821792125701904,2,D6,D6,1
cap_0287,39059887,Q4,0.6756728887557983,1,D5,D5,1
cap_0182,40359576,Q4,0.6723686456680298,1,D5,D6,0
cap_0065,31862610,Q4,0.6900577545166016,1,D5,D5,1
cap_0092,32935131,Q4,0.7458246350288391,2,D3,D5,0
cap_0172,37178780,Q4,0.6556215286254883,0,D6,D5,0
cap_0205,38714751,Q4,0.6666713953018188,1,D6,D5,0
cap_0186,33094346,Q4,0.6649790406227112,1,D2,D6,0
cap_0264,37851554,Q4,0.6660584807395935,0,D1,D5,0
cap_0202,37257883,Q4,0.6889653205871582,1,D5,D5,1
cap_0113,37729837,Q4,0.7078179121017456,1,D6,D6,1
cap_0107,33043149,Q4,0.6596662998199463,1,D6,D5,0
cap_0175,36452980,Q4,0.6649408340454102,2,D6,D5,0
cap_0061,40997848,Q4,0.7454825639724731,2,D5,D8,0
cap_0194,35597101,Q4,0.6596165299415588,1,D8,D6,0
cap_0267,33598905,Q4,0.6629860401153564,1,D5,D6,0
cap_0194,35763469,Q4,0.6585506200790405,1,D8,D6,0
cap_0136,41264861,Q4,0.6688135266304016,1,D4,D5,0
cap_0161,36007785,Q4,0.7031794786453247,1,D5,D5,1
cap_0133,39557985,Q4,0.6605417132377625,1,D3,D5,0
cap_0278,39401254,Q4,0.659838080406189,1,D5,D6,0
cap_0148,37468605,Q4,0.6724603176116943,1,D8,D5,0
cap_0197,39167120,Q4,0.7025892734527588,0,D5,D5,1
cap_0075,33566093,Q4,0.7333983182907104,1,D5,D2,0
cap_0231,40675605,Q4,0.6843416690826416,1,D5,D8,0
cap_0271,39965433,Q4,0.6574897170066833,1,D5,D6,0
cap_0075,38787660,Q4,0.6828135251998901,0,D5,D5,1
cap_0067,35304561,Q4,0.698415994644165,1,D1,D6,0
cap_0097,37952206,Q4,0.6692600846290588,1,D5,D6,0
cap_0184,40435811,Q4,0.695103645324707,1,D7,D5,0
cap_0113,35642997,Q4,0.6879368424415588,1,D6,D5,0
cap_0054,33328058,Q4,0.7071396708488464,1,D7,D5,0
cap_0179,37018897,Q4,0.7007149457931519,2,D1,D2,0
cap_0148,40617017,Q4,0.6584367156028748,0,D8,D6,0
cap_0246,36603838,Q4,0.6907816529273987,0,D5,D6,0
cap_0239,40885281,Q4,0.6698305606842041,0,D5,D5,1
cap_0178,36517410,Q4,0.6823811531066895,1,D5,D5,1
cap_0227,35379593,Q4,0.6843540668487549,1,D6,D6,1
cap_0155,34192772,Q4,0.6704750061035156,1,D2,D5,0
cap_0202,33694144,Q4,0.6813646554946899,1,D5,D2,0
cap_0067,35864312,Q4,0.708771824836731,1,D1,D5,0
cap_0127,39137666,Q4,0.6789232492446899,1,D5,D5,1
cap_0089,40886713,Q4,0.7084161043167114,2,D2,D5,0
cap_0230,39612505,Q4,0.6567593812942505,0,D6,D5,0
cap_0180,34879406,Q4,0.739701509475708,1,D6,D6,1
cap_0245,35258475,Q4,0.6795806884765625,0,D5,D2,0
cap_0192,34741510,Q4,0.6691649556159973,1,D5,D6,0
cap_0076,40229513,Q4,0.7248370051383972,2,D5,D5,1
cap_0176,40482691,Q4,0.6770111918449402,1,D7,D5,0
cap_0044,35896817,Q4,0.6894458532333374,1,D6,D5,0
cap_0241,37164328,Q4,0.6970160603523254,1,D8,D6,0
cap_0127,32618999,Q4,0.6756614446640015,1,D5,D5,1
cap_0275,36517582,Q4,0.660614013671875,0,D1,D5,0
cap_0177,40424867,Q4,0.6717424392700195,1,D6,D6,1
cap_0089,36738870,Q4,0.655586838722229,1,D2,D6,0
cap_0277,36474423,Q4,0.6780018210411072,0,D4,D6,0
cap_0205,37276615,Q4,0.6888288259506226,1,D6,D5,0
cap_0054,40419254,Q4,0.6954628229141235,1,D7,D6,0
cap_0105,40274037,Q4,0.6705436110496521,1,D5,D5,1
cap_0272,39820131,Q4,0.7182484269142151,2,D2,D5,0
cap_0166,38331081,Q4,0.6554378867149353,0,D5,D6,0
cap_0161,34152274,Q4,0.7276186347007751,2,D5,D5,1
cap_0064,34261173,Q4,0.6724262237548828,1,D5,D5,1
cap_0247,40334344,Q4,0.6993104219436646,1,D2,D6,0
cap_0151,34433218,Q4,0.66978520154953,1,D2,D6,0
cap_0134,37527596,Q4,0.6634848713874817,0,D2,D6,0
cap_0185,37230406,Q4,0.6943092346191406,1,D6,D8,0
cap_0073,40298903,Q4,0.6925075650215149,1,D6,D6,1
cap_0063,39048085,Q4,0.6743977069854736,0,D5,D5,1
cap_0019,35675838,Q4,0.6782549619674683,2,D8,D5,0
cap_0047,38061186,Q4,0.6551253199577332,1,D6,D6,1
cap_0205,35301538,Q4,0.7071663737297058,1,D6,D6,1
cap_0038,37690911,Q4,0.6564604640007019,1,D6,D6,1
cap_0263,39039218,Q4,0.6912698745727539,1,D6,D5,0
cap_0266,37619395,Q4,0.679426908493042,1,D6,D6,1
cap_0227,39111243,Q4,0.6771973967552185,1,D6,D5,0
cap_0272,38244997,Q4,0.6785330772399902,1,D2,D5,0
cap_0118,38218129,Q4,0.6645450592041016,0,D9,D6,0
cap_0222,35108740,Q4,0.659801721572876,0,D6,D2,0
cap_0277,32335225,Q4,0.6714232563972473,1,D4,D5,0
cap_0247,39038795,Q4,0.7192040085792542,2,D2,D5,0
cap_0100,37331495,Q4,0.6811858415603638,1,D2,D5,0
cap_0225,36150641,Q4,0.7215694189071655,1,D8,D6,0
cap_0201,36692204,Q4,0.6765037178993225,0,D5,D6,0
cap_0161,39260412,Q4,0.6745843291282654,0,D5,D6,0
cap_0088,40498468,Q4,0.7028117179870605,1,D3,D2,0
cap_0221,34083743,Q4,0.6694799065589905,1,D6,D5,0
cap_0216,40334344,Q4,0.6712141633033752,1,D8,D6,0
cap_0251,39631268,Seed-T0->T3-r1,0.7323302030563354,1,D2,D6,0
cap_0106,40479778,Seed-T0->T3-r1,0.7123729586601257,1,D6,D5,0
cap_0013,40058479,Seed-T0->T3-r1,0.6204289197921753,1,D2,D5,0
cap_0173,39865143,Seed-T0->T3-r1,0.6688414812088013,1,D3,D5,0
cap_0190,41100230,Seed-T0->T5-r2,0.5561979413032532,0,D6,D5,0
cap_0176,40056434,Seed-T0->T5-r2,0.6917368173599243,1,D7,D6,0
cap_0149,38519155,Seed-T0->T5-r2,0.6543802618980408,0,D5,D5,1
cap_0031,32271154,Seed-T0->T5-r2,0.5840156674385071,0,D6,D5,0
cap_0186,39426239,Seed-T0->T8-r3,0.7393229603767395,1,D2,D6,0
cap_0192,40817280,Seed-T0->T8-r3,0.7021912932395935,1,D5,D5,1
cap_0031,38960730,Seed-T0->T8-r3,0.6257045269012451,1,D6,D5,0
cap_0185,41387134,Seed-T0->T8-r3,0.6892704963684082,1,D6,D5,0
cap_0025,39443585,Seed-T1->T4-r1,0.5535188317298889,0,D5,D5,1
cap_0041,39702673,Seed-T1->T4-r1,0.6123560667037964,0,D6,D5,0
cap_0174,32750971,Seed-T1->T4-r1,0.5565869212150574,0,D6,D5,0
cap_0218,34325850,Seed-T1->T4-r1,0.5246367454528809,0,D6,D5,0
cap_0253,32283479,Seed-T1->T6-r2,0.6128441691398621,1,D5,D6,0
cap_0058,34842543,Seed-T1->T6-r2,0.6217373013496399,1,D8,D6,0
cap_0135,32130143,Seed-T1->T6-r2,0.684091329574585,1,D3,D6,0
cap_0253,38424186,Seed-T1->T6-r2,0.6198650002479553,0,D5,D5,1
cap_0242,32149701,Seed-T1->T7-r3,0.5502672791481018,0,D9,D5,0
cap_0024,38332372,Seed-T1->T7-r3,0.6095762848854065,0,D6,D5,0
cap_0062,36409538,Seed-T1->T7-r3,0.6524848341941833,0,D6,D6,1
cap_0269,34699990,Seed-T1->T7-r3,0.5945215225219727,0,D2,D5,0
cap_0001,32692845,Seed-T2->T0-r1,0.44908085465431213,1,D2,D10,0
cap_0010,33001154,Seed-T2->T0-r1,0.6101184487342834,1,D6,D9,0
cap_0256,33529153,Seed-T2->T0-r1,0.5827106237411499,0,D5,D6,0
cap_0288,36229593,Seed-T2->T0-r1,0.5946507453918457,1,D8,D5,0
cap_0284,38315595,Seed-T2->T27-r2,0.6628004908561707,1,D6,D5,0
cap_0028,40494920,Seed-T2->T27-r2,0.5649242401123047,0,D6,D5,0
cap_0027,38531676,Seed-T2->T27-r2,0.714046061038971,1,D6,D5,0
cap_0153,37524859,Seed-T2->T27-r2,0.6464271545410156,0,D6,D5,0
cap_0284,39915601,Seed-T2->T41-r3,0.6727065443992615,1,D6,D5,0
cap_0008,34504260,Seed-T2->T41-r3,0.5438158512115479,0,D5,D5,1
cap_0260,39231425,Seed-T2->T41-r3,0.5830175876617432,0,D5,D6,0
cap_0256,38263386,Seed-T2->T41-r3,0.6588802933692932,1,D5,D5,1
cap_0154,33497439,Seed-T3->T2-r1,0.5867601633071899,1,D8,D6,0
cap_0154,34563692,Seed-T3->T2-r1,0.6009228229522705,2,D8,D8,1
cap_0032,37535817,Seed-T3->T2-r1,0.5455406904220581,0,D5,D2,0
cap_0216,31940671,Seed-T3->T2-r1,0.6565898060798645,1,D8,D6,0
cap_0165,40864894,Seed-T3->T14-r2,0.6719147562980652,0,D8,D6,0
cap_0165,38048156,Seed-T3->T14-r2,0.6482762694358826,1,D8,D5,0
cap_0018,37596488,Seed-T3->T14-r2,0.5291495323181152,0,D6,D5,0
cap_0154,32058262,Seed-T3->T14-r2,0.6161563396453857,1,D8,D6,0
cap_0232,34661544,Seed-T3->T21-r3,0.6562926173210144,0,D6,D6,1
cap_0011,31864097,Seed-T3->T21-r3,0.6486085653305054,1,D1,D5,0
cap_0005,37922661,Seed-T3->T21-r3,0.6173940896987915,1,D3,D6,0
cap_0032,34494966,Seed-T3->T21-r3,0.6416874527931213,1,D5,D6,0
cap_0137,41272171,Seed-T4->T1-r1,0.5971854329109192,1,D1,D5,0
cap_0162,35089149,Seed-T4->T1-r1,0.586231529712677,0,D8,D1,0
cap_0137,38880237,Seed-T4->T1-r1,0.631436824798584,1,D1,D5,0
cap_0120,35377329,Seed-T4->T1-r1,0.6464911699295044,1,D8,D6,0
cap_0055,36164826,Seed-T4->T15-r2,0.7274158000946045,1,D5,D5,1
cap_0126,41402520,Seed-T4->T15-r2,0.6738922595977783,1,D6,D5,0
cap_0136,36057688,Seed-T4->T15-r2,0.6947957873344421,1,D4,D5,0
cap_0131,33055042,Seed-T4->T15-r2,0.6524244546890259,1,D5,D5,1
cap_0131,31759245,Seed-T4->T23-r3,0.6633476614952087,1,D5,D6,0
cap_0162,38295584,Seed-T4->T23-r3,0.6475840210914612,0,D8,D6,0
cap_0131,35868813,Seed-T4->T23-r3,0.6723952293395996,2,D5,D5,1
cap_0139,35552166,Seed-T4->T23-r3,0.6918463706970215,2,D5,D5,1
cap_0164,39214159,Seed-T5->T16-r1,0.7354517579078674,2,D6,D5,0
cap_0069,37385326,Seed-T5->T16-r1,0.7279085516929626,2,D8,D5,0
cap_0248,37722445,Seed-T5->T16-r1,0.7006616592407227,1,D2,D5,0
cap_0073,32971274,Seed-T5->T16-r1,0.7087460160255432,1,D6,D5,0
cap_0069,40030272,Seed-T5->T12-r2,0.6524413824081421,1,D8,D5,0
cap_0164,35130178,Seed-T5->T12-r2,0.6237596273422241,0,D6,D5,0
cap_0073,38117619,Seed-T5->T12-r2,0.6384394764900208,0,D6,D5,0
cap_0164,37938951,Seed-T5->T12-r2,0.6504420042037964,1,D6,D5,0
cap_0069,37625508,Seed-T5->T18-r3,0.7630969882011414,2,D8,D5,0
cap_0073,39778706,Seed-T5->T18-r3,0.76158607006073,2,D6,D6,1
cap_0061,32968800,Seed-T5->T18-r3,0.7011529207229614,2,D5,D5,1
cap_0073,33862232,Seed-T5->T18-r3,0.7294468879699707,2,D6,D6,1
cap_0188,32195369,Seed-T6->T17-r1,0.6539502143859863,1,D8,D10,0
cap_0233,37919418,Seed-T6->T17-r1,0.5953772664070129,1,D8,D5,0
cap_0014,32992137,Seed-T6->T17-r1,0.5385898947715759,1,D6,D2,0
cap_0278,32688290,Seed-T6->T17-r1,0.7562453746795654,2,D5,D6,0
cap_0278,36462598,Seed-T6->T28-r2,0.6765569448471069,1,D5,D6,0
cap_0014,39079607,Seed-T6->T28-r2,0.6106292009353638,1,D6,D6,1
cap_0184,36113383,Seed-T6->T28-r2,0.6508716344833374,1,D7,D6,0
cap_0198,32876582,Seed-T6->T28-r2,0.6829403638839722,1,D6,D6,1
cap_0140,37879358,Seed-T6->T29-r3,0.7076753377914429,2,D6,D4,0
cap_0278,38218130,Seed-T6->T29-r3,0.6997470259666443,1,D5,D6,0
cap_0015,38218130,Seed-T6->T29-r3,0.616070568561554,1,D6,D6,1
cap_0228,38300790,Seed-T6->T29-r3,0.6043108701705933,1,D6,D8,0
cap_0271,34125693,Seed-T7->T10-r1,0.6134225726127625,0,D5,D5,1
cap_0078,37230405,Seed-T7->T10-r1,0.7022364139556885,1,D5,D5,1
cap_0252,38758661,Seed-T7->T10-r1,0.6315773725509644,0,D5,D5,1
cap_0066,41015222,Seed-T7->T10-r1,0.6703879833221436,0,D5,D5,1
cap_0076,39382960,Seed-T7->T25-r2,0.6760402917861938,1,D5,D5,1
cap_0064,37643107,Seed-T7->T25-r2,0.6602365374565125,1,D5,D5,1
cap_0064,33875798,Seed-T7->T25-r2,0.7258082032203674,1,D5,D5,1
cap_0071,33875798,Seed-T7->T25-r2,0.7189646363258362,1,D5,D5,1
cap_0078,41276241,Seed-T7->T35-r3,0.6521480083465576,0,D5,D6,0
cap_0078,39159864,Seed-T7->T35-r3,0.6547499299049377,0,D5,D5,1
cap_0078,38552994,Seed-T7->T35-r3,0.7231470346450806,1,D5,D5,1
cap_0082,36055637,Seed-T7->T35-r3,0.6677385568618774,1,D8,D5,0
