domain,short_label,delta_capstone_minus_journal,boot_ci_lo_95,boot_ci_hi_95,bonf_ci_lo_99.5,bonf_ci_hi_99.5,significant_bonferroni
D1,Health Sci,0.010484,-0.011772,0.036224,-0.018452,0.049101,False
D2,HIT,0.035908,0.005219,0.068038,-0.010069,0.083706,False
D3,Soc/Beh,0.021595,0.004462,0.042308,0.000496,0.049857,True
D4,InfoSci/CS,0.023908,0.009682,0.041523,0.003002,0.051398,True
D5,Data Analytics,-0.330782,-0.384775,-0.277207,-0.40567,-0.253537,True
D6,Leadership,0.105089,0.050312,0.158125,0.035223,0.184032,True
D7,Trans Bioinf,0.022462,0.005137,0.040655,0.000881,0.053918,True
D8,Clinical Inf,0.118702,0.082006,0.156839,0.066822,0.17204,True
D9,Public Health,0.003609,-0.006651,0.017259,-0.008386,0.024515,False
D10,Consumer Health,-0.010975,-0.016194,-0.002271,-0.017448,0.003158,False
