capstone_topic,journal_topic,method_d_pair_agg_mean,method_d_pair_agg_max,method_c_pair_mean,n_c_pairs
0,3,0.5556,1,0.8333,6
0,5,0.7778,1,0.5,6
0,8,0.8889,1,1.0,4
1,4,0.0,0,0.0,4
1,6,0.7778,1,0.5714,7
1,7,0.3333,1,0.0,4
2,0,0.5556,1,0.6667,6
2,27,1.2222,2,0.5,4
2,41,1.1111,2,0.5,4
3,2,0.3333,1,0.8,5
3,14,0.8889,2,0.4,5
3,21,0.6667,2,0.75,4
4,1,0.6667,1,0.75,4
4,15,0.8889,2,1.0,4
4,23,0.8889,1,1.25,4
5,16,0.6667,2,1.5,4
5,12,0.5556,1,0.5,4
5,18,1.0,2,2.0,4
6,17,1.0,1,1.25,4
6,28,0.6667,1,1.0,4
6,29,1.0,1,1.25,4
7,10,0.5556,1,0.25,4
7,25,0.7778,1,1.0,4
7,35,1.1111,2,0.5,4
