capstone_topic,rank,journal_topic,transported_mass,cost,cosine_sim
0,1,3,0.030218,0.1518,0.8482
0,2,5,0.025299,0.1544,0.8456
0,3,8,0.021363,0.1432,0.8568
1,1,4,0.02604,0.2632,0.7368
1,2,6,0.024596,0.1902,0.8098
1,3,7,0.024034,0.2236,0.7764
2,1,0,0.123682,0.1335,0.8665
2,2,27,0.009276,0.1477,0.8523
2,3,41,0.007309,0.1662,0.8338
3,1,2,0.031904,0.1362,0.8638
3,2,14,0.015601,0.154,0.846
3,3,21,0.010119,0.1336,0.8664
4,1,1,0.037105,0.1504,0.8496
4,2,15,0.015179,0.1371,0.8629
4,3,23,0.009698,0.1604,0.8396
5,1,16,0.014617,0.1252,0.8748
5,2,12,0.012912,0.1902,0.8098
5,3,18,0.011103,0.0927,0.9073
6,1,17,0.012228,0.1552,0.8448
6,2,28,0.009136,0.1349,0.8651
6,3,29,0.008454,0.1103,0.8897
7,1,10,0.020801,0.1563,0.8437
7,2,25,0.009557,0.1428,0.8572
7,3,35,0.008011,0.1381,0.8619
