capstone_id,year,topic
cap_0001,2020,2
cap_0002,2020,2
cap_0003,2020,2
cap_0004,2020,-1
cap_0005,2020,3
cap_0006,2020,2
cap_0007,2020,-1
cap_0008,2020,2
cap_0009,2021,6
cap_0010,2021,2
cap_0011,2021,3
cap_0012,2021,-1
cap_0013,2021,0
cap_0014,2021,6
cap_0015,2021,6
cap_0016,2021,-1
cap_0017,2021,2
cap_0018,2021,3
cap_0019,2021,2
cap_0020,2021,-1
cap_0021,2021,-1
cap_0022,2021,2
cap_0023,2022,0
cap_0024,2022,1
cap_0025,2022,1
cap_0026,2022,1
cap_0027,2022,2
cap_0028,2022,2
cap_0029,2022,1
cap_0030,2022,1
cap_0031,2022,0
cap_0032,2022,3
cap_0033,2022,3
cap_0034,2022,1
cap_0035,2022,-1
cap_0036,2022,2
cap_0037,2022,2
cap_0038,2022,-1
cap_0039,2022,3
cap_0040,2022,3
cap_0041,2022,1
cap_0042,2022,-1
cap_0043,2022,1
cap_0044,2022,-1
cap_0045,2022,3
cap_0046,2022,-1
cap_0047,2022,1
cap_0048,2022,1
cap_0049,2022,6
cap_0050,2022,5
cap_0051,2022,2
cap_0052,2022,1
cap_0053,2023,2
cap_0054,2023,-1
cap_0055,2023,4
cap_0056,2023,5
cap_0057,2023,3
cap_0058,2023,1
cap_0059,2023,1
cap_0060,2023,7
cap_0061,2023,5
cap_0062,2023,1
cap_0063,2023,2
cap_0064,2023,7
cap_0065,2023,7
cap_0066,2023,7
cap_0067,2023,5
cap_0068,2023,-1
cap_0069,2023,5
cap_0070,2023,5
cap_0071,2023,7
cap_0072,2023,5
cap_0073,2023,5
cap_0074,2023,7
cap_0075,2023,5
cap_0076,2023,7
cap_0077,2023,1
cap_0078,2023,7
cap_0079,2023,1
cap_0080,2023,-1
cap_0081,2023,-1
cap_0082,2023,7
cap_0083,2024,1
cap_0084,2024,2
cap_0085,2024,0
cap_0086,2024,2
cap_0087,2024,0
cap_0088,2024,0
cap_0089,2024,0
cap_0090,2024,0
cap_0091,2024,1
cap_0092,2024,0
cap_0093,2024,2
cap_0094,2024,1
cap_0095,2024,3
cap_0096,2024,0
cap_0097,2024,0
cap_0098,2024,0
cap_0099,2024,0
cap_0100,2024,0
cap_0101,2024,1
cap_0102,2024,0
cap_0103,2024,0
cap_0104,2024,-1
cap_0105,2024,2
cap_0106,2024,0
cap_0107,2024,0
cap_0108,2021,-1
cap_0109,2021,3
cap_0110,2021,0
cap_0111,2021,-1
cap_0112,2021,-1
cap_0113,2021,-1
cap_0114,2021,-1
cap_0115,2021,-1
cap_0116,2021,-1
cap_0117,2021,-1
cap_0118,2021,-1
cap_0119,2022,6
cap_0120,2022,4
cap_0121,2022,4
cap_0122,2022,0
cap_0123,2022,2
cap_0124,2022,4
cap_0125,2022,-1
cap_0126,2022,4
cap_0127,2022,3
cap_0128,2022,4
cap_0129,2022,2
cap_0130,2022,4
cap_0131,2022,4
cap_0132,2022,3
cap_0133,2022,1
cap_0134,2022,6
cap_0135,2022,1
cap_0136,2022,4
cap_0137,2022,4
cap_0138,2022,4
cap_0139,2022,4
cap_0140,2022,6
cap_0141,2022,2
cap_0142,2022,4
cap_0143,2023,3
cap_0144,2023,-1
cap_0145,2023,1
cap_0146,2023,1
cap_0147,2023,2
cap_0148,2023,1
cap_0149,2023,0
cap_0150,2023,-1
cap_0151,2023,6
cap_0152,2023,3
cap_0153,2023,2
cap_0154,2023,3
cap_0155,2023,2
cap_0156,2023,3
cap_0157,2023,1
cap_0158,2023,1
cap_0159,2023,2
cap_0160,2023,3
cap_0161,2024,4
cap_0162,2024,4
cap_0163,2024,1
cap_0164,2024,5
cap_0165,2024,3
cap_0166,2024,-1
cap_0167,2024,0
cap_0168,2024,0
cap_0169,2024,1
cap_0170,2024,0
cap_0171,2024,0
cap_0172,2024,0
cap_0173,2024,0
cap_0174,2024,1
cap_0175,2024,0
cap_0176,2024,0
cap_0177,2024,0
cap_0178,2024,0
cap_0179,2024,0
cap_0180,2024,0
cap_0181,2024,6
cap_0182,2024,0
cap_0183,2024,3
cap_0184,2024,6
cap_0185,2024,0
cap_0186,2024,0
cap_0187,2024,0
cap_0188,2024,6
cap_0189,2024,0
cap_0190,2024,0
cap_0191,2024,0
cap_0192,2024,0
cap_0193,2024,0
cap_0194,2024,0
cap_0195,2024,1
cap_0196,2024,0
cap_0197,2024,-1
cap_0198,2024,6
cap_0199,2024,0
cap_0200,2024,0
cap_0201,2024,1
cap_0202,2024,0
cap_0203,2024,-1
cap_0204,2024,0
cap_0205,2024,0
cap_0206,2020,-1
cap_0207,2020,3
cap_0208,2020,5
cap_0209,2020,3
cap_0210,2020,4
cap_0211,2020,-1
cap_0212,2020,5
cap_0213,2020,3
cap_0214,2021,-1
cap_0215,2021,2
cap_0216,2021,3
cap_0217,2022,2
cap_0218,2022,1
cap_0219,2022,4
cap_0220,2022,0
cap_0221,2022,4
cap_0222,2022,3
cap_0223,2022,1
cap_0224,2022,1
cap_0225,2022,-1
cap_0226,2022,3
cap_0227,2022,4
cap_0228,2022,6
cap_0229,2022,3
cap_0230,2022,-1
cap_0231,2022,7
cap_0232,2022,3
cap_0233,2022,6
cap_0234,2022,2
cap_0235,2022,5
cap_0236,2023,-1
cap_0237,2023,-1
cap_0238,2023,1
cap_0239,2023,-1
cap_0240,2023,1
cap_0241,2023,1
cap_0242,2023,1
cap_0243,2023,7
cap_0244,2023,5
cap_0245,2023,1
cap_0246,2023,-1
cap_0247,2023,3
cap_0248,2023,5
cap_0249,2023,1
cap_0250,2023,-1
cap_0251,2023,0
cap_0252,2023,7
cap_0253,2023,1
cap_0254,2023,3
cap_0255,2023,5
cap_0256,2023,2
cap_0257,2023,3
cap_0258,2023,-1
cap_0259,2023,-1
cap_0260,2023,2
cap_0261,2023,2
cap_0262,2023,-1
cap_0263,2023,2
cap_0264,2023,-1
cap_0265,2023,-1
cap_0266,2023,-1
cap_0267,2023,3
cap_0268,2023,1
cap_0269,2023,1
cap_0270,2023,3
cap_0271,2023,7
cap_0272,2023,3
cap_0273,2023,-1
cap_0274,2023,-1
cap_0275,2023,-1
cap_0276,2023,1
cap_0277,2023,0
cap_0278,2023,6
cap_0279,2023,1
cap_0280,2023,2
cap_0281,2023,-1
cap_0282,2023,-1
cap_0283,2023,1
cap_0284,2023,2
cap_0285,2023,1
cap_0286,2023,5
cap_0287,2023,-1
cap_0288,2023,2
