min_cluster_size,min_samples,n_topics,n_outliers,outlier_ratio,mean_cluster_size,std_cluster_size,min_cluster_size_obs,max_cluster_size_obs,silhouette,centroid_diversity,elapsed_s
10,3,233,3250,0.3133,30.6,28.6,10,196,0.5424,0.0274,0.3
10,5,201,3587,0.3458,33.8,32.8,10,219,0.5624,0.0274,0.2
15,5,148,3428,0.3304,46.9,39.4,15,230,0.5644,0.027,0.2
15,10,134,3656,0.3524,50.1,42.1,15,203,0.5859,0.0273,0.2
20,5,117,3044,0.2934,62.6,86.5,20,880,0.5348,0.0246,0.2
20,10,106,3259,0.3142,67.1,93.0,20,880,0.5597,0.0243,0.2
25,10,89,3430,0.3306,78.0,66.9,25,318,0.5535,0.0262,0.2
30,10,73,3623,0.3492,92.5,71.6,30,318,0.5412,0.0272,0.2
30,15,64,3592,0.3463,106.0,112.5,30,813,0.5094,0.0264,0.2
40,20,46,3803,0.3666,142.8,150.6,41,883,0.5357,0.0239,0.2
50,25,35,3367,0.3246,200.2,217.6,51,888,0.5076,0.0241,0.2
