n_neighbors,n_components,min_dist,min_cluster_size,min_samples,n_topics,n_outliers,outlier_ratio,mean_cluster_size,std_cluster_size,silhouette,umap_s,hdbscan_s
15,5,0.0,10,3,233,3250,0.3133,30.6,28.6,0.5424,36.0,0.2
15,5,0.0,15,5,148,3428,0.3304,46.9,39.4,0.5644,36.0,0.2
15,5,0.0,20,5,117,3044,0.2934,62.6,86.5,0.5348,36.0,0.2
15,5,0.0,20,10,106,3259,0.3142,67.1,93.0,0.5597,36.0,0.2
15,5,0.0,30,10,73,3623,0.3492,92.5,71.6,0.5412,36.0,0.2
15,10,0.0,10,3,242,3203,0.3088,29.6,29.9,0.5417,21.0,0.3
15,10,0.0,15,5,149,3240,0.3123,47.9,47.4,0.524,21.0,0.3
15,10,0.0,20,5,111,2896,0.2792,67.4,95.6,0.4975,21.0,0.3
15,10,0.0,20,10,100,3180,0.3065,71.9,95.4,0.5469,21.0,0.3
15,10,0.0,30,10,70,3436,0.3312,99.1,110.8,0.5396,21.0,0.3
15,15,0.0,10,3,236,3320,0.32,29.9,31.2,0.5431,24.6,0.4
15,15,0.0,15,5,144,3321,0.3201,49.0,43.7,0.5368,24.6,0.3
15,15,0.0,20,5,109,2981,0.2874,67.8,92.7,0.5206,24.6,0.3
15,15,0.0,20,10,100,3358,0.3237,70.2,95.5,0.5481,24.6,0.4
15,15,0.0,30,10,66,3324,0.3204,106.8,140.4,0.5152,24.6,0.4
30,5,0.0,10,3,208,3672,0.354,32.2,32.8,0.532,12.6,0.2
30,5,0.0,15,5,134,4038,0.3892,47.3,37.6,0.5617,12.6,0.2
30,5,0.0,20,5,109,3996,0.3852,58.5,44.2,0.5624,12.6,0.2
30,5,0.0,20,10,104,4590,0.4425,55.6,40.4,0.6137,12.6,0.2
30,5,0.0,30,10,68,4210,0.4058,90.6,78.8,0.5603,12.6,0.2
30,10,0.0,10,3,193,3434,0.331,36.0,68.2,0.4975,21.0,0.3
30,10,0.0,15,5,130,3980,0.3837,49.2,42.1,0.5342,21.0,0.3
30,10,0.0,20,5,98,3535,0.3408,69.8,103.8,0.4945,21.0,0.3
30,10,0.0,20,10,92,4104,0.3956,68.2,96.4,0.5473,21.0,0.3
30,10,0.0,30,10,69,4176,0.4025,89.8,68.2,0.548,21.0,0.3
50,5,0.0,10,3,177,3970,0.3827,36.2,35.3,0.5064,16.6,0.2
50,5,0.0,15,5,118,4295,0.414,51.5,48.2,0.5279,16.6,0.2
50,5,0.0,20,5,97,4143,0.3994,64.2,59.3,0.5409,16.6,0.2
50,5,0.0,20,10,88,4549,0.4385,66.2,94.8,0.5865,16.6,0.2
50,5,0.0,30,10,57,4060,0.3914,110.8,93.6,0.5362,16.6,0.2
10,5,0.0,10,3,261,2814,0.2713,29.0,24.1,0.547,14.4,0.2
10,5,0.0,15,5,175,3169,0.3055,41.2,30.8,0.5769,14.4,0.2
10,5,0.0,20,5,136,3020,0.2911,54.1,44.8,0.5617,14.4,0.2
10,5,0.0,20,10,111,3113,0.3001,65.4,90.7,0.5741,14.4,0.2
10,5,0.0,30,10,79,3093,0.2981,92.2,106.1,0.5514,14.4,0.2
10,10,0.0,10,3,253,2874,0.277,29.6,27.6,0.5434,21.8,0.3
10,10,0.0,15,5,177,3161,0.3047,40.8,33.3,0.5598,21.8,0.3
10,10,0.0,20,5,135,3015,0.2906,54.5,45.6,0.5576,21.8,0.3
10,10,0.0,20,10,108,2977,0.287,68.5,93.7,0.5632,21.8,0.3
10,10,0.0,30,10,80,3032,0.2923,91.8,108.0,0.5308,21.8,0.3
15,5,0.05,10,3,223,3661,0.3529,30.1,26.8,0.5305,15.6,0.3
15,5,0.05,15,5,146,3781,0.3645,45.2,36.8,0.5628,15.6,0.2
15,5,0.05,20,5,119,3561,0.3433,57.3,48.7,0.5028,15.6,0.2
15,5,0.05,20,10,88,3187,0.3072,81.7,134.9,0.4867,15.6,0.2
15,5,0.05,30,10,65,3586,0.3457,104.4,122.6,0.4878,15.6,0.2
15,5,0.1,10,3,219,3850,0.3711,29.8,27.7,0.5042,14.5,0.3
15,5,0.1,15,5,134,3922,0.3781,48.1,39.7,0.5117,14.5,0.2
15,5,0.1,20,5,105,3823,0.3685,62.4,51.2,0.4929,14.5,0.2
15,5,0.1,20,10,99,4377,0.4219,60.6,60.8,0.5201,14.5,0.2
15,5,0.1,30,10,67,4493,0.4331,87.8,74.1,0.5208,14.5,0.2
