capstone_topic,rank,journal_topic,transported_mass,cost,cosine_sim,nearest_old_topic,nearest_old_cos
0,1,4,0.03178662769455609,0.12642329931259155,0.8735767006874084,9,0.9961
0,2,8,0.025027402265253934,0.1412954330444336,0.8587045669555664,8,0.9974
0,3,9,0.024113993423456347,0.1488358974456787,0.8511641025543213,5,0.9983
1,1,2,0.03452685421994885,0.18433618545532227,0.8156638145446777,6,0.9943
1,2,7,0.025392765801972965,0.22452795505523682,0.7754720449447632,7,0.9996
1,3,12,0.0195469492144684,0.2637847661972046,0.7362152338027954,11,0.9994
2,1,10,0.02338326635001827,0.16643542051315308,0.8335645794868469,0,0.9696
2,2,0,0.02196767698753888,0.14559149742126465,0.8544085025787354,50,0.9879
2,3,6,0.02177411205000027,0.18515324592590332,0.8148467540740967,4,0.9993
3,1,3,0.03379612714651079,0.16598951816558838,0.8340104818344116,0,0.9763
3,2,5,0.027402265253927666,0.13738882541656494,0.8626111745834351,2,0.9993
3,3,13,0.018085495067592258,0.15356004238128662,0.8464399576187134,14,0.9975
4,1,1,0.030065532225841303,0.15475153923034668,0.8452484607696533,1,0.9982
4,2,22,0.013518450858604314,0.13990217447280884,0.8600978255271912,15,0.9988
4,3,24,0.012056996711728173,0.15868890285491943,0.8413110971450806,23,0.9995
5,1,20,0.014979905005480285,0.19915354251861572,0.8008464574813843,12,0.998
5,2,28,0.011508951406649618,0.11990755796432495,0.880092442035675,16,0.9917
5,3,40,0.008768724881256853,0.14731472730636597,0.852685272693634,37,0.9993
6,1,16,0.015710632078918527,0.1314583420753479,0.8685416579246521,28,0.9928
6,2,27,0.01150895140664962,0.17856061458587646,0.8214393854141235,17,0.9692
6,3,31,0.010778224333211548,0.12180894613265991,0.8781910538673401,90,0.978
7,1,19,0.01497990500548046,0.15806299448013306,0.8419370055198669,10,0.9904
7,2,36,0.009316770186335406,0.14034497737884521,0.8596550226211548,47,0.9974
7,3,41,0.008768724881256853,0.14392805099487305,0.856071949005127,25,0.9958
