capstone_topic,journal_topic,btm_S_cap_native,btm_S_jrn_native,btm_S_mean,btm_S_max,cosine,juror,method_c
0,3,0.0,0.018604651162790697,0.009302325581395349,0.018604651162790697,0.8482,0.0,0.8333333333333334
0,5,0.0,0.005555555555555556,0.002777777777777778,0.005555555555555556,0.8456,1.0,0.5
0,8,0.23076923076923078,0.046052631578947366,0.13841093117408906,0.23076923076923078,0.8568,1.0,1.0
1,4,0.0,0.0,0.0,0.0,0.7368,0.0,0.0
1,6,0.0,0.005714285714285714,0.002857142857142857,0.005714285714285714,0.8098,1.0,0.5714285714285714
1,7,0.0,0.0,0.0,0.0,0.7764,0.0,0.0
2,0,0.13513513513513514,0.18409090909090908,0.1596130221130221,0.18409090909090908,0.8665,1.0,0.6666666666666666
2,27,0.02702702702702703,0.0,0.013513513513513514,0.02702702702702703,0.8523,1.0,0.5
2,41,0.0,0.0,0.0,0.0,0.8338,0.0,0.5
3,2,0.0,0.0,0.0,0.0,0.8638,1.0,0.8
3,14,0.0,0.0,0.0,0.0,0.846,1.0,0.4
3,21,0.058823529411764705,0.0,0.029411764705882353,0.058823529411764705,0.8664,1.0,0.75
4,1,0.05263157894736842,0.09090909090909091,0.07177033492822966,0.09090909090909091,0.8496,1.0,0.75
4,15,0.2631578947368421,0.17592592592592593,0.219541910331384,0.2631578947368421,0.8629,2.0,1.0
4,23,0.10526315789473684,0.028985507246376812,0.06712433257055682,0.10526315789473684,0.8396,1.0,1.25
5,12,0.0,0.015748031496062992,0.007874015748031496,0.015748031496062992,0.8098,0.0,0.5
5,16,0.0,0.9423076923076923,0.47115384615384615,0.9423076923076923,0.8748,2.0,1.5
5,18,0.7647058823529411,0.810126582278481,0.787416232315711,0.810126582278481,0.9073,2.0,2.0
6,17,0.06666666666666667,0.16091954022988506,0.11379310344827587,0.16091954022988506,0.8448,1.0,1.25
6,28,0.0,0.1076923076923077,0.05384615384615385,0.1076923076923077,0.8651,1.0,1.0
6,29,0.5333333333333333,0.20967741935483872,0.37150537634408604,0.5333333333333333,0.8897,2.0,1.25
7,10,0.0,0.47297297297297297,0.23648648648648649,0.47297297297297297,0.8437,0.0,0.25
7,25,0.0,0.6911764705882353,0.34558823529411764,0.6911764705882353,0.8572,1.0,1.0
7,35,0.07692307692307693,0.631578947368421,0.35425101214574894,0.631578947368421,0.8619,1.0,0.5
