capstone_topic,journal_topic,sources,thematic_alignment,shared_methodology,justification,cap_keywords,jrn_keywords,error
0,9,"BTM_top3,refit_<=2024,year_matched_<=2024",2,partial,"Both topics concern electronic health/medical information systems and databases, but Topic A is about building a clinical system/database and frontend/management tools, whereas Topic B studies EHR use, documentation burden, and burnout/time metrics. They share the general EHR/IT domain and some data/log concepts, but the research questions differ substantially.","emr, database, management, frontend","ehr, burnout, documentation, burden",
0,29,BTM_top3,2,partial,"Topic A is about building informatics/EMR systems, databases, and related software workflows in capstone projects. Topic B focuses on clinical/health informatics training, competencies, and workforce characterization. They share the broad informatics domain and some system/implementation context, but the research questions differ substantially. Method overlap is limited to general informatics practice; the rest of the pipeline is unrelated.","emr, database, management, frontend","informatics, programs, competencies, clinical informatics",
1,11,"S1_nearest,S2_nearest_p10,refit_<=2024",0,no,"Topic A concerns program evaluation and impact review for an autism training/resource center using data collection and analysis (including REDCap). Topic B is a corrigenda/author correction topic for previously published biomedical informatics papers. They address entirely different purposes and workflows, with no meaningful overlap in research question or methodology.","hands, [PERSON], phd, redcap","correction, author correction, article doi, corrects article",
1,15,BTM_top3,0,no,"Topic A is about program evaluation, training/outreach, and data reporting for an autism center using REDCap-style project management. Topic B is about smartphone-based digital phenotyping and machine learning for mood/depression/sleep-related mental health assessment. They address different research questions, populations, and methods with no clear methodological overlap.","hands, [PERSON], phd, redcap","sleep, depression, mental, mental health",
1,26,BTM_top3,0,no,"Topic A is about autism program evaluation, training/outreach, and data reporting using REDCap and program impact review. Topic B centers on virtual/augmented/extended reality interventions and feasibility/usability/efficacy studies. They share only a broad health informatics context, with different research questions and unrelated methods.","hands, [PERSON], phd, redcap","vr, reality, virtual reality, virtual",
1,69,BTM_top3,2,partial,"Both topics are about autism spectrum disorder, but Topic A is centered on program evaluation/training impact for HANDS in Autism using report review, data collection, and visualization. Topic B covers broader ASD informatics research, including comorbidity analysis and EHR-based machine learning for ASD identification. They share the autism domain and some data analysis, but not the same research question or pipeline.","hands, [PERSON], phd, redcap","asd, autism, autism spectrum, spectrum disorder",
2,4,"S1_nearest,S2_nearest_p10,refit_<=2024",0,no,"Topic A is a heterogeneous biomedical informatics cluster centered on clinical decision support and epidemiologic/health information exchange analyses, with one prenatal outcomes study. Topic B is a retinal-imaging AI cluster focused on deep learning for ophthalmic diagnosis and risk prediction. They address different clinical problems, data types, and methods, with no clear methodological overlap.","[ORG], prenatal, 2019, ns","retinal, images, fundus, diabetic",
2,14,S3_outlier_as_topic,0,no,"Topic A centers on diverse clinical decision support and epidemiologic analyses in [ORG], prenatal outcomes, HIE cancer risk factors, and Sjögren’s diagnosis. Topic B focuses on diabetes and cardiovascular mobile health interventions, adherence, and self-management. They share only a broad healthcare context, with no clear overlap in research question or method.","[ORG], prenatal, 2019, ns","diabetes, intervention, interventions, adherence",
2,29,BTM_top3,1,no,"Topic A centers on applied health/clinical decision support and epidemiologic analysis of pregnancy, prenatal outcomes, and cancer risk factors. Topic B focuses on the informatics profession itself—training, workforce, competencies, and practice analysis. They share only a broad healthcare/informatics context, with unrelated research questions and methods.","[ORG], prenatal, 2019, ns","informatics, programs, competencies, clinical informatics",
2,44,year_matched_<=2024,1,partial,"Topic A centers on specific clinical/public health questions (prenatal outcomes, cancer risk, Sjögren’s diagnosis) using decision support or observational correlation analyses. Topic B is about social determinants of health data capture and its use in EHRs, including reviews and measurement of documentation. They share a broad informatics/EHR context and some observational data analysis, but the research questions are different.","[ORG], prenatal, 2019, ns","sdoh, social, determinants health, determinants",
2,50,refit_<=2024,1,partial,"Topic A spans heterogeneous applied clinical informatics projects, including prenatal outcomes and decision support, with one document on risk factors using HIE data. Topic B is focused on ICU prediction and mortality modeling using EHR/notes and machine learning. They share a broad predictive clinical analytics theme and some retrospective data-mining methods, but the clinical questions and settings are different.","[ORG], prenatal, 2019, ns","icu, mortality, prediction, postoperative",
2,58,year_matched_<=2024,0,no,"Topic A contains substantive biomedical/informatics studies (prenatal outcomes, decision support for Sjögren’s, cancer risk factors via HIE). Topic B is a set of journal correction notices for Lancet Digital Health articles, not a research topic. They share no comparable research question or method.","[ORG], prenatal, 2019, ns","correction lancet, digit, lancet, correction",
2,75,BTM_top3,1,partial,"Topic A centers on specific clinical/public health analyses and decision support using regional or HIE data, including prenatal outcomes and cancer risk factors. Topic B focuses on data quality/comparison studies within the All of Us Research Program using EHRs, surveys, and the Researcher Workbench. They share a broad biomedical data-analysis context and some observational/EHR methods, but the research questions are different.","[ORG], prenatal, 2019, ns","research program, researcher, program, workbench",
3,0,refit_<=2024,1,partial,"Topic B is centered on COVID-19/pandemic informatics, especially data sharing, surveillance, and telehealth. Topic A appears to be a mixed health informatics/health IT topic involving clinical reporting, hospital cost-of-care apps, and analytics; the schizophrenia keyword seems incidental. They share a broad health informatics/healthcare context and some data/reporting infrastructure, but the research questions are different.","symptoms, schizophrenia, reporting, sql","covid19, pandemic, covid19 pandemic, telehealth",
3,9,BTM_top3,1,partial,"Topic A centers on healthcare informatics applications and data/SQL-oriented reporting, with examples of cost-of-care apps and BI systems. Topic B focuses on EHR documentation burden, burnout, and audit-log/time-efficiency studies. They share a broad health IT domain and some data/reporting/log-analysis methods, but the research questions differ substantially.","symptoms, schizophrenia, reporting, sql","ehr, burnout, documentation, burden",
3,29,BTM_top3,1,no,"Topic A is mostly applied health IT/healthcare operational projects (cost-of-care app, BI replacement, workforce/gig healthcare), while Topic B is about clinical informatics as a profession, training, competencies, and workforce characterization. They share a broad informatics/healthcare domain but not the same research question. Methods also differ: applied app/analytics projects versus survey, certification, and practice-analysis studies.","symptoms, schizophrenia, reporting, sql","informatics, programs, competencies, clinical informatics",
3,50,"S1_nearest,S2_nearest_p10",1,no,"Topic A centers on healthcare informatics applications and administrative/clinical data systems (cost-of-care apps, BI/reporting, SQL, health access). Topic B focuses on ICU prognosis and mortality prediction using machine learning/NLP on clinical notes and waveform data. They share only the broad biomedical data/analytics domain, with different research questions and methods.","symptoms, schizophrenia, reporting, sql","icu, mortality, prediction, postoperative",
4,6,BTM_top3,2,no,"Topic A focuses on statistical analysis/prediction of mental health outcomes in healthcare datasets using SPSS (e.g., depression predictors, mental health and heart failure). Topic B focuses on digital mental health interventions, app/therapy adherence, and behavior tracking for anxiety/insomnia/depression. They share a mental health domain and depression keyword, but the research questions and methods are different.","spss, depression, statistical, [PERSON]","mental, mental health, depression, intervention",
4,82,BTM_top3,1,partial,"Topic A focuses on mental health/depression prediction or correlational analysis using SPSS and regression in healthcare datasets. Topic B focuses on rehabilitation/exercise interventions and digital health for pain, mobility, and quality of life, often via systematic review or trials. Both are in health/biomedical informatics, but the research questions differ substantially. The only overlap is broad quantitative health analysis, not a shared core method.","spss, depression, statistical, [PERSON]","pain, knee, exercise, physical",
5,1,BTM_top3,1,no,"Topic A focuses on extracting and analyzing pathology report text from clinical documents using NLP/ML, while Topic B concerns mining and sentiment/behavior analysis of social media data. Both are biomedical informatics, but the research questions, data sources, and methods are largely different.","pathology, extraction, pathology reports, text","social, media, social media, online",
5,22,"S1_nearest,S2_nearest_p10,year_matched_<=2024",3,yes,"Both topics center on pathology report information extraction and AI/NLP methods for handling unstructured pathology text. Topic A focuses on operational tools for extracting text from PDF pathology reports and improving workflow, while Topic B includes automatic extraction of reportable information from free-text pathology reports. The core task and methodology overlap strongly, though Topic B also includes broader AI adoption/decision studies.","pathology, extraction, pathology reports, text","pathology, images, pathologists, histopathology",
5,37,refit_<=2024,2,partial,"Both topics use clinical NLP/text extraction, but Topic A focuses on extracting information from pathology reports for workflow/decision support, while Topic B focuses on identifying adverse drug events and medication relations in EHR narratives. The shared methodology is text mining/NLP extraction, but the research questions differ substantially.","pathology, extraction, pathology reports, text","adverse, drug, adverse drug, adr",
5,94,BTM_top3,1,partial,"Topic A focuses on NLP/extraction from pathology reports for EMR/workflow automation, while Topic B focuses on parsing clinical trial eligibility criteria into cohort queries and related trial linking. Both use text processing and machine learning/NLP, but the research questions and target documents differ substantially.","pathology, extraction, pathology reports, text","eligibility, criteria, eligibility criteria, clinical trial",
6,40,BTM_top3,2,partial,"Topic A centers on educational/practicum content about health informatics initiatives at [ORG], including course development and terminology or registry training. Topic B focuses on real-world data quality, evidence generation, and validation methods for observational studies. They share a broad health informatics/data infrastructure context and some common concern with data standards/quality, but the research questions are different. Method overlap is limited to data/informatics concepts rather than a shared analytical pipeline.","course, global, institute, [ORG]","data quality, evidence, rwd, trials",
6,64,S1_nearest,2,partial,"Topic A centers on training/course content about HIE terminology, health facility registries, and academic practicum projects at [ORG]. Topic B examines hospital adoption and use of HIE/EHR functions via surveys and log/panel analyses. They share the HIE/interoperability domain and some terminology, but Topic A is educational/implementation-oriented rather than a hospital adoption research question.","course, global, institute, [ORG]","hie, hospitals, exchange, adoption",
6,90,refit_<=2024,1,partial,"Both topics concern education/training in health informatics and digital health, but Topic A is mainly about creating practicum/course content at [ORG] (terminology services, HIE, health facility registry), while Topic B studies digital health education and competencies across health professions. They share the educational angle, but Topic A is a project/course-development case and Topic B is a literature/standards review.","course, global, institute, [ORG]","digital, digital health, education, competencies",
6,104,S2_nearest_p10,1,partial,"Topic A is about educational/training or practicum content produced at [ORG] (e.g., course design, terminology services, health information exchange, registry training). Topic B focuses on usability evaluation and co-creation methods for health IT/eHealth systems. They share a broad health informatics domain and some user-centered design/evaluation language, but the research questions are different and only partially method-related.","course, global, institute, [ORG]","ehealth, usability, usability evaluation, cocreation",
7,0,BTM_top3,1,partial,"Topic A centers on extracting and visualizing renal parameters from pathology reports for clinical analysis. Topic B focuses on COVID-19 pandemic informatics, including data sharing, EHR support, and telehealth. They share a broad health informatics/data-extraction flavor, but the clinical questions are unrelated. Method overlap is only partial through use of healthcare data infrastructure/analytics.","renal, extraction, pathology, pathology reports","covid19, pandemic, covid19 pandemic, telehealth",
7,4,S3_outlier_as_topic,1,partial,"Both topics are in biomedical/renal-related AI, but Topic A is about extracting and visualizing renal parameters from pathology reports, while Topic B uses deep learning on retinal/fundus images to detect ocular disease or kidney disease risk. The only overlap is the renal/diabetic-kidney domain; the primary data modalities and analytic pipelines differ substantially.","renal, extraction, pathology, pathology reports","retinal, images, fundus, diabetic",
7,12,"BTM_top3,S1_nearest,S2_nearest_p10",1,no,"Topic A is about extracting and visualizing renal parameters from pathology reports, i.e., text mining for clinical analytics. Topic B concerns medical image analysis for segmentation and tumor classification/detection. They share only a broad healthcare/diagnostic context, with different data types, tasks, and methods, so the alignment is tangential.","renal, extraction, pathology, pathology reports","segmentation, image, tumor, images",
7,22,BTM_top3,3,partial,"Both topics involve pathology-focused information extraction/analysis, especially from free-text pathology reports. Topic A is specifically about renal parameter extraction and visualization for healthcare analytics, while Topic B centers on automatic extraction of reportable cancer information and related pathology AI studies. They share text-mining/ML over pathology reports, but A is renal analytics and B is broader pathology/cancer informatics.","renal, extraction, pathology, pathology reports","pathology, images, pathologists, histopathology",
7,47,refit_<=2024,1,partial,"Topic A is about extracting and visualizing renal parameters from pathology reports, mainly an NLP/data-extraction healthcare analytics task. Topic B focuses on machine-learning prediction of cancer survival from EHR/oncology data. They share a broad clinical data-mining/machine-learning context and some predictive analytics, but the research questions and core methods differ substantially.","renal, extraction, pathology, pathology reports","survival, cancer, machine, machine learning",
