capstone_topic,rank,journal_topic,transported_mass,cost,cosine_sim,members
0,1,7,0.22127659574468084,0.1409613489091175,0.8590386510908825,3 4 5 8 12 13 16 18 20 22 25 24 27 32 34 36 37 39 41 42 43 44 47 48 49 50 52 57 60 63 66 67 69 71 77 81 84 88 91 94 96 97 98 101 102
1,1,3,0.10322513120318182,0.17504850148044504,0.824951498519555,1 2 6 9 14 17 21 23 26 28 29 38 40 45 46 53 54 56 59 64 68 72 73 75 76 78 79 82 86 83 87 90 95 99 100 103 104 105
1,2,7,0.0683512507289065,0.20504453434637726,0.7949554656536227,3 4 5 8 12 13 16 18 20 22 25 24 27 32 34 36 37 39 41 42 43 44 47 48 49 50 52 57 60 63 66 67 69 71 77 81 84 88 91 94 96 97 98 101 102
1,3,4,0.018235373274921092,0.21055335010364717,0.7894466498963528,7 15 19 30 31 51 55 61 74 80 85 93
2,1,2,0.13056921995783555,0.12945046836918794,0.8705495316308121,0 89 92
2,2,1,0.014087708018719836,0.189652868393277,0.810347131606723,11 58
2,3,6,0.01278988053408292,0.1655347532701944,0.8344652467298056,33 65
3,1,3,0.14468085106382977,0.09562441193538118,0.9043755880646188,1 2 6 9 14 17 21 23 26 28 29 38 40 45 46 53 54 56 59 64 68 72 73 75 76 78 79 82 86 83 87 90 95 99 100 103 104 105
4,1,4,0.08085106382978724,0.17512992883663592,0.8248700711633641,7 15 19 30 31 51 55 61 74 80 85 93
5,1,7,0.07234042553191489,0.10837148118036444,0.8916285188196356,3 4 5 8 12 13 16 18 20 22 25 24 27 32 34 36 37 39 41 42 43 44 47 48 49 50 52 57 60 63 66 67 69 71 77 81 84 88 91 94 96 97 98 101 102
6,1,3,0.06382978723404255,0.11073366121267159,0.8892663387873284,1 2 6 9 14 17 21 23 26 28 29 38 40 45 46 53 54 56 59 64 68 72 73 75 76 78 79 82 86 83 87 90 95 99 100 103 104 105
7,1,5,0.033309908643710466,0.14337791236862119,0.8566220876313788,10 35 70
7,2,7,0.022009240292459743,0.09935520420225874,0.9006447957977413,3 4 5 8 12 13 16 18 20 22 25 24 27 32 34 36 37 39 41 42 43 44 47 48 49 50 52 57 60 63 66 67 69 71 77 81 84 88 91 94 96 97 98 101 102
