capstone_topic,journal_topic,rank,mass,cosine,source,thematic_alignment,shared_methodology,justification,cap_keywords,jrn_keywords,error
0,3,1,0.030218,0.8482,paper_top3,0,no,"Topic A covers student capstone projects involving EMR systems, database development, and software engineering using tools like MySQL and Agile methodology. Topic B focuses on large language models (LLMs) and consumer health information retrieval. The two topics share neither a research question nor methods—one is applied systems development education, the other is NLP/AI research in clinical informatics.","emr, database, management, frontend","llms, large language, language models, language",
0,5,2,0.025299,0.8456,paper_top3,1,no,"Both topics touch on health informatics broadly, but Topic A covers capstone/practicum projects focused on EMR system development, database design, and software engineering for clinical settings. Topic B addresses predictive modeling and temporal pattern mining using EHR data with machine learning. They share the healthcare/EHR domain but tackle entirely different research questions (system building vs. predictive analytics) with unrelated methods.","emr, database, management, frontend","prediction, disease, temporal, ehr",
0,8,3,0.021363,0.8568,paper_top3,1,no,"Both topics touch on health informatics broadly, but Topic A focuses on capstone student projects involving EMR systems, database development, and software engineering (agile, MySQL, frontend), while Topic B addresses governance, ethics, and trust in AI applied to clinical care. They share a healthcare IT domain but tackle entirely different research questions with unrelated methods.","emr, database, management, frontend","ai, intelligence, artificial intelligence, artificial",
0,9,4,0.021082,0.869,r9_depth,1,no,"Both topics relate to healthcare IT systems (EMR/EHR), but Topic A covers capstone projects building database/frontend systems for clinical settings, while Topic B investigates EHR impact on clinician burnout and documentation burden through systematic reviews and audit log analysis. They share a broad healthcare informatics domain but address entirely different research questions with unrelated methods.","emr, database, management, frontend","ehr, burnout, documentation, burden",
0,13,5,0.015882,0.7863,r9_depth,0,no,"Topic A covers health informatics capstone projects involving EMR systems, database management, and software development tools. Topic B focuses on ECG signal analysis, atrial fibrillation detection, and deep learning for cardiac electrophysiology. They share no common research questions, methods, or clinical focus areas beyond both falling broadly under biomedical informatics.","emr, database, management, frontend","ecg, af, atrial, signals",
0,20,6,0.010401,0.8308,r9_depth,1,no,"Both topics involve electronic health records broadly, but Topic A focuses on capstone/practicum projects building EMR systems and databases (software engineering, frontend, agile methodology), while Topic B addresses clinical phenotyping algorithms and EHR-based research methods for identifying disease cases and risk factors. Different research questions, different methods, and different work-products; only the EHR domain is shared.","emr, database, management, frontend","phenotyping, phenotype, phenotypes, electronic",
0,24,7,0.009557,0.8286,r9_depth,0,no,"Topic A covers student capstone/practicum projects involving EMR system development, database management, and software engineering tools. Topic B focuses on predictive modeling for emergency department outcomes like triage, hospitalization, and patient disposition. These address entirely different research questions—system development vs. clinical prediction—and use unrelated methods.","emr, database, management, frontend","emergency, ed, triage, emergency department",
0,32,8,0.008433,0.7874,r9_depth,0,no,"Topic A covers student capstone/practicum projects involving EMR systems, database management, and software development tools. Topic B focuses on pulmonary/chest disease diagnosis (tuberculosis, COPD, pneumothorax) using machine learning and medical imaging. They share no common research question, methods, or domain focus beyond the broadest sense of 'health informatics.'","emr, database, management, frontend","chest, tuberculosis, copd, pulmonary",
0,36,9,0.00773,0.819,r9_depth,0,no,"Topic A covers graduate capstone/practicum projects involving EMR system development, database management, and frontend tools using Agile methodology. Topic B addresses federated/distributed machine learning algorithms for privacy-preserving analysis of EHR data across multiple clinical sites. They share only the broadest health informatics domain; the research questions, methods, and work-products are entirely different.","emr, database, management, frontend","federated, fl, federated learning, distributed",
0,38,10,0.00759,0.8293,r9_depth,1,no,"Both topics touch on health informatics systems, but Topic A covers student capstone projects involving EMR systems, database management, and frontend development for clinical settings. Topic B focuses on blockchain technology for privacy-preserving, federated machine learning across healthcare institutions. The research questions, methods, and outputs are substantially different—one is applied system-building for local clinics, the other is distributed cryptographic infrastructure for research.","emr, database, management, frontend","blockchain, security, blockchain technology, sharing",
1,4,1,0.02604,0.7368,paper_top3,0,no,"Topic A covers informatics practicum projects at [INSTITUTION] focused on autism spectrum disorder program evaluation using REDCap and data analysis. Topic B covers deep learning applied to retinal/fundus images for detecting diabetic and cardiovascular conditions. They share no common research question, clinical domain, or methodology.","hands, [PERSON], phd, redcap","retinal, images, fundus, diabetic",
1,6,2,0.024596,0.8098,paper_top3,1,no,"Both topics touch on health informatics broadly, but Topic A focuses on autism program evaluation and data collection using REDCap at an academic center, while Topic B addresses digital mental health interventions for depression, insomnia, and anxiety. They share a general healthcare/informatics domain but address entirely different research questions (program evaluation vs. digital intervention adherence) with unrelated methods.","hands, [PERSON], phd, redcap","mental, mental health, depression, intervention",
1,7,3,0.024034,0.7764,paper_top3,0,no,"Topic A covers informatics practicum projects at [INSTITUTION] focused on autism spectrum disorder program evaluation using REDCap and data visualization. Topic B covers neurological disease detection (Parkinson's, MS) using deep learning, MRI, keystroke dynamics, and wearable sensors. They share no common research question, methods, or disease domain beyond both being loosely biomedical.","hands, [PERSON], phd, redcap","gait, pd, parkinsons, parkinsons disease",
1,11,4,0.018271,0.7351,r9_depth,0,no,"Topic A covers student capstone projects at an autism informatics center (HANDS in Autism), involving program evaluation and REDCap-based data collection. Topic B consists entirely of journal corrigenda/corrections for unrelated biomedical informatics studies. There is no shared research question, population, or methodology between these two topics.","hands, [PERSON], phd, redcap","correction, author correction, article doi, corrects article",
1,19,5,0.010682,0.7355,r9_depth,0,no,"Topic A covers student practicum projects evaluating an autism training/resource center program using data collection and visualization (REDCap). Topic B focuses on EEG signal processing and brain-computer interfaces for motor imagery and cognitive tasks. The two topics share no common research question, population, or methodology—they belong to entirely different subfields of biomedical informatics.","hands, [PERSON], phd, redcap","eeg, bci, eeg signals, signals",
1,26,6,0.009276,0.8008,r9_depth,0,no,"Topic A covers student practicum projects evaluating an autism training/resource center using data collection and REDCap-style reporting. Topic B covers virtual and augmented reality applications in healthcare settings. The two topics share no research questions, methods, or populations—the only superficial overlap is the word 'hands,' which refers to the autism center name, not hand hygiene or VR technology.","hands, [PERSON], phd, redcap","vr, reality, virtual reality, virtual",
1,30,7,0.008573,0.7473,r9_depth,0,no,"Topic A covers student practicum projects evaluating an autism training/resource center program using REDCap and data visualization. Topic B focuses on Alzheimer's disease detection and diagnosis using NLP, deep learning, and systematic literature review methods. The two topics address entirely different diseases, research questions, and methodologies, with no meaningful overlap beyond both being loosely within health informatics.","hands, [PERSON], phd, redcap","ad, alzheimers, alzheimers disease, disease",
1,31,8,0.008433,0.7162,r9_depth,0,no,"Topic A consists of student practicum projects evaluating an autism training/resource center program using data collection and visualization in REDCap. Topic B covers sleep staging, sleep apnea prediction, and pressure ulcer monitoring using deep learning, EHRs, and inertial sensors. These topics share no common research question, population, or methodology.","hands, [PERSON], phd, redcap","sleep, sleep staging, staging, apnea",
1,34,9,0.008011,0.7437,r9_depth,0,no,"Topic A covers informatics practicum projects evaluating autism intervention programs (HANDS in Autism) using REDCap-based data collection and program evaluation. Topic B addresses medical image segmentation of ultrasound and 3D imaging using deep learning. They share no common research question, population, or methodology—one is autism program evaluation, the other is AI-based medical imaging.","hands, [PERSON], phd, redcap","ultrasound, segmentation, 3d, images",
1,39,10,0.007449,0.7469,r9_depth,0,no,"Topic A covers student practicum projects evaluating an autism training/resource center using REDCap data collection and program analysis. Topic B focuses on AI/machine learning for dermatology, skin cancer diagnosis, and image-based lesion detection. These share no common research question, population, or methodology — one is a program evaluation in autism services, the other is computer vision applied to dermatology.","hands, [PERSON], phd, redcap","skin, skin cancer, lesions, images",
2,0,1,0.123682,0.8665,paper_top3,1,no,"Both topics fall broadly within biomedical informatics, but Topic A covers diverse capstone projects (Sjögren's diagnosis tools, prenatal outcomes in [STATE], ED cancer risk factors via HIE), while Topic B focuses specifically on COVID-19 pandemic informatics, telehealth, and data-sharing infrastructure. They share no common research question or methodology; the overlap is only the general healthcare informatics domain.","[state], prenatal, 2019, ns","covid19, pandemic, covid19 pandemic, telehealth",
2,27,2,0.009276,0.8523,paper_top3,1,no,"Both topics relate broadly to healthcare/biomedical informatics, but Topic A is a mixed capstone collection covering Sjögren's diagnosis, prenatal outcomes in [STATE], and ED cancer risk factors, while Topic B focuses specifically on machine learning-based risk prediction for diabetes and cardiovascular conditions. The research questions and methods differ substantially; Topic B uses ML/feature selection on large datasets, while Topic A uses varied descriptive and statistical approaches.","[state], prenatal, 2019, ns","risk, diabetes, prediction, machine",
2,41,3,0.007309,0.8338,paper_top3,0,no,"Topic A covers miscellaneous capstone projects (Sjögren's diagnosis, prenatal outcomes in [STATE], ED cancer risk factors) with no unifying theme beyond an [STATE]/informatics context. Topic B focuses on sepsis prediction, ICU mortality, and digital alerts using machine learning and EHR data. The two topics share neither a common research question nor overlapping methods.","[state], prenatal, 2019, ns","sepsis, early, mortality, icu",
2,44,4,0.006887,0.8605,r9_depth,1,no,"Both topics broadly relate to health outcomes and informatics, but Topic A covers diverse capstone projects (Sjögren's diagnosis tools, prenatal outcomes in [ORG], cancer risk via HIE) while Topic B focuses specifically on social determinants of health (SDOH) integration into EHRs. They share a healthcare informatics domain but address different research questions with different methods—statistical comparison and decision tools vs. systematic reviews and EHR data integration.","[ORG], prenatal, 2019, ns","sdoh, social, determinants health, determinants",
2,58,5,0.0052,0.7429,r9_depth,0,no,"Topic A covers diverse biomedical informatics capstone projects (Sjögren's diagnosis, prenatal outcomes in [ORG], cancer risk factors via HIE). Topic B consists solely of published corrections/errata notices in Lancet Digital Health. These share no common research question, methodology, or domain focus beyond broad healthcare.","[ORG], prenatal, 2019, ns","correction lancet, digit, lancet, correction",
2,92,6,0.003373,0.8525,r9_depth,0,no,"Topic A covers diverse [ORG]-focused capstone projects (Sjögren's diagnosis, prenatal outcomes, ED cancer risk via HIE) with no unifying theme beyond institutional origin. Topic B focuses on infectious disease surveillance, ILI forecasting, and outbreak detection using social media and machine learning. The research questions, methods, and domains are entirely different.","[ORG], prenatal, 2019, ns","ili, forecasting, surveillance, outbreaks",
2,84,7,0.001719,0.8303,r9_depth,1,no,"Both topics fall broadly within biomedical/clinical informatics, but they address entirely different research questions. Topic A covers heterogeneous capstone projects (Sjögren's diagnosis, prenatal outcomes in [ORG], ED cancer risk via HIE), while Topic B focuses specifically on stroke and myocardial infarction classification and risk prediction using machine learning and microwave imaging. Methods, populations, and clinical domains do not overlap meaningfully.","[ORG], prenatal, 2019, ns","stroke, myocardial infarction, myocardial, infarction",
3,2,1,0.031904,0.8638,paper_top3,1,no,"Both topics loosely fall under healthcare informatics and EHR-related work, but Topic A covers diverse capstone/practicum projects (gig economy in healthcare, cost-of-care apps, BI tools) while Topic B focuses specifically on clinical decision support alerts and opioid/drug-interaction interventions. They share a broad healthcare IT domain but address entirely different research questions with unrelated methods.","symptoms, schizophrenia, reporting, sql","cds, alert, alerts, decision support",
3,14,2,0.015601,0.846,paper_top3,1,no,"Both topics touch healthcare informatics broadly, but Topic A covers diverse capstone projects (gig economy, cost-of-care apps, BI tools) with no unified research question, while Topic B focuses specifically on mobile health interventions for diabetes self-management using frameworks like RE-AIM. The research questions, methods, and populations differ substantially, with only a loose shared domain of health informatics.","symptoms, schizophrenia, reporting, sql","diabetes, intervention, interventions, adherence",
3,21,3,0.010119,0.8664,paper_top3,1,no,"Both topics loosely relate to healthcare informatics and patient-facing technologies, but Topic A covers diverse capstone projects (gig economy in healthcare, cost-of-care apps, BI tools) while Topic B focuses specifically on patient portals and online health communities. The research questions and methods are distinct—Topic A uses applied development/usability work while Topic B employs literature reviews and deployment studies of patient-facing digital tools.","symptoms, schizophrenia, reporting, sql","portal, patient portal, portals, patient portals",
3,33,4,0.008011,0.7949,r9_depth,0,no,"Topic A covers health informatics capstone projects (gig economy in healthcare, cost-of-care apps, BI tools), while Topic B focuses on diabetes management, glucose prediction, and closed-loop insulin systems using ML and simulators. They share no research questions, methods, or clinical focus beyond both being loosely health-related.","symptoms, schizophrenia, reporting, sql","glucose, insulin, diabetes, closedloop",
3,40,5,0.007449,0.8732,r9_depth,1,no,"Both topics broadly touch on healthcare data and informatics, but Topic A covers student capstone projects on diverse subjects (gig economy in healthcare, cost-of-care apps, BI tool migration), while Topic B focuses on data quality assessment and real-world evidence generation in clinical research networks. The research questions, methods, and work-products are fundamentally different; the overlap is only the broad healthcare informatics domain.","symptoms, schizophrenia, reporting, sql","data quality, evidence, rwd, trials",
3,45,6,0.006746,0.8607,r9_depth,1,no,"Both topics touch on healthcare informatics broadly, but Topic A covers diverse capstone projects (gig economy in healthcare, cost-of-care apps, BI tool replacement) with no coherent methodological focus, while Topic B specifically addresses data visualization design and evaluation for clinical/patient-reported outcomes. They share the healthcare domain but address different research questions with unrelated methods.","symptoms, schizophrenia, reporting, sql","visualization, visualizations, dashboards, data visualization",
3,50,7,0.006606,0.8224,r9_depth,0,no,"Topic A covers capstone student projects on diverse healthcare informatics topics (gig economy, cost-of-care apps, BI tool replacement) with no coherent unifying research question. Topic B focuses on ICU mortality prediction using machine learning and NLP on clinical notes. The two topics share no research question, methods, or population focus beyond the broad healthcare domain.","symptoms, schizophrenia, reporting, sql","icu, mortality, prediction, postoperative",
3,51,8,0.006465,0.7861,r9_depth,0,no,"Topic A covers health informatics capstone projects including gig economy in healthcare, cost-of-care apps, and BI analytics tools. Topic B focuses on wearable sensor signal processing for heart rate monitoring using PPG. These topics share no common research questions, methods, or populations—one is health systems/informatics education while the other is biomedical signal processing engineering.","symptoms, schizophrenia, reporting, sql","hr, respiratory, rate, ppg",
3,53,9,0.006044,0.8577,r9_depth,0,no,"Topic A covers diverse health informatics capstone projects (gig economy in healthcare, cost-of-care apps, BI tool replacement) with no coherent clinical safety focus. Topic B addresses medication errors, infusion pump management, and patient safety using retrospective studies and CPOE analysis. The two topics share neither a research question nor methods, and only broadly share the healthcare domain.","symptoms, schizophrenia, reporting, sql","medication, errors, infusion, safety",
3,54,10,0.005903,0.8655,r9_depth,1,no,"Both topics fall broadly under health informatics, but Topic A covers applied student capstone projects (gig healthcare workers, cost-of-care apps, BI tools) while Topic B addresses professional/community themes in informatics (DEI, AMIA leadership, infrastructure standards). They share a domain but tackle entirely different research questions with no overlapping methods.","symptoms, schizophrenia, reporting, sql","informatics, amia, women, dei",
4,1,1,0.037105,0.8496,paper_top3,1,no,"Both topics broadly concern health informatics, but Topic A focuses on statistical analysis (SPSS, regression) of clinical/survey data to study depression, mental health, and PCOS, while Topic B focuses on social media mining and sentiment analysis for health behavior surveillance. They share a general health domain but address different research questions with entirely different methods.","spss, depression, statistical, [PERSON]","social, media, social media, online",
4,15,2,0.015179,0.8629,paper_top3,2,no,"Both topics address mental health (depression) as a research focus. However, Topic A uses traditional statistical analysis (SPSS, regression, correlation) on survey/clinical datasets, while Topic B employs digital phenotyping, smartphone sensor data, and machine learning. They share the research question domain (mental health/depression) but use fundamentally different methods and data sources, placing them as adjacent rather than substantially overlapping.","spss, depression, statistical, [PERSON]","sleep, depression, mental, mental health",
4,23,3,0.009698,0.8396,paper_top3,1,no,"Both topics broadly concern health informatics, but Topic A focuses on statistical analysis (SPSS, regression, correlation) of mental health and lifestyle survey data in academic capstone projects, while Topic B centers on digital/mobile health interventions for physical activity coaching and behavior change. The research questions, methods, and outputs are distinct; the only commonality is a general health/wellness domain.","spss, depression, statistical, [PERSON]","physical activity, activity, physical, intervention",
4,47,4,0.006501,0.7934,r9_depth,1,no,"Both topics are broadly in health/biomedical informatics, but Topic A focuses on statistical analysis (SPSS, correlation, regression) of mental health and lifestyle outcomes in student practicum projects, while Topic B addresses machine learning for cancer survival prediction using EHR data. The research questions, methods, and populations are entirely different—one uses classical statistics on survey data, the other uses ML for oncology time-to-event modeling.","spss, depression, statistical, [PERSON]","survival, cancer, machine, machine learning",
4,61,5,0.00506,0.8323,r9_depth,1,no,"Both topics touch on mental health (depression, stress) and health outcomes, placing them in the same broad domain. However, Topic A uses SPSS-based statistical analysis on survey/clinical datasets to study depression and heart failure, while Topic B employs deep learning and wearable sensor data (HRV, heart rate) for stress/mental health prediction. The research questions, methods, and data sources are substantially different.","spss, depression, statistical, [PERSON]","stress, wearable, heart rate, sensor",
4,71,6,0.004498,0.8366,r9_depth,1,no,"Both topics touch on mental health within healthcare contexts, but Topic A focuses on statistical analysis (SPSS) of general health surveys and depression/PCOS predictors in capstone projects, while Topic B addresses suicide/self-harm detection and risk prediction using machine learning on clinical/claims data. The research questions, methods, and outputs are distinctly different beyond the broad mental health domain.","spss, depression, statistical, [PERSON]","suicide, selfharm, suicidal, suicide risk",
4,105,7,0.002811,0.8245,r9_depth,1,no,"Both topics touch on health broadly—Topic A focuses on statistical analysis (SPSS) of mental health/depression and lifestyle factors, while Topic B focuses on smoking cessation using digital/mobile health technologies and systematic reviews. They share the broad healthcare domain and both mention smoking tangentially, but the research questions, methods, and outputs are fundamentally different.","spss, depression, statistical, [PERSON]","smoking, cessation, smoking cessation, dropout",
5,16,1,0.014617,0.8748,paper_top3,2,partial,"Both topics involve NLP-based information extraction from medical/biomedical text. Topic A focuses on extracting data from clinical pathology reports using ML/NLP in applied healthcare settings. Topic B covers broader biomedical NLP tasks including relation extraction, entity recognition, and text summarization from biomedical literature. They share NLP/text extraction methodology, but Topic A is applied/clinical while Topic B is research-oriented with different specific tasks.","pathology, extraction, pathology reports, text","biomedical, entity, relation, extraction",
5,12,2,0.012912,0.8098,paper_top3,0,no,"Topic A focuses on NLP and text extraction from pathology reports (unstructured clinical text), while Topic B addresses medical image segmentation and computer vision for tumors and surgical guidance. They share a broad healthcare domain but tackle completely different research questions—text mining vs. image analysis—with entirely distinct methods.","pathology, extraction, pathology reports, text","segmentation, image, tumor, images",
5,18,3,0.011103,0.9073,paper_top3,2,partial,"Both topics involve NLP applied to clinical/medical text. Topic A focuses specifically on extracting information from pathology reports using NLP/ML, while Topic B covers broader clinical NLP tasks like concept normalization, de-identification, and negation detection. They share NLP as a method, but Topic A is narrower (pathology report extraction) versus Topic B's focus on foundational clinical NLP techniques and benchmarks.","pathology, extraction, pathology reports, text","nlp, notes, deidentification, language",
5,22,4,0.009698,0.8635,r9_depth,3,partial,"Both topics focus on AI/NLP applied to pathology, specifically information extraction from pathology reports. Topic A emphasizes NLP/ML pipelines for extracting data from PDF reports; Topic B includes CNN-based extraction from free-text pathology reports plus AI adoption studies. They share the pathology NLP extraction question, but Topic B also covers histopathology imaging and clinician perception studies, making the work-products and full scope distinct.","pathology, extraction, pathology reports, text","pathology, images, pathologists, histopathology",
5,37,5,0.00773,0.8583,r9_depth,2,partial,"Both topics apply NLP/text extraction to clinical documents, sharing the methodological approach of information extraction from unstructured medical text. However, Topic A focuses on pathology reports and operational/EMR integration, while Topic B targets adverse drug event and medication relation extraction from EHRs. The research questions differ—one is about pathology data extraction, the other about pharmacovigilance—though both use NLP pipelines.","pathology, extraction, pathology reports, text","adverse, drug, adverse drug, adr",
5,57,6,0.005341,0.877,r9_depth,2,partial,"Both topics involve NLP/text extraction from medical reports, sharing a methodological thread. However, Topic A focuses on pathology reports and EMR integration/operational workflows, while Topic B centers on radiology reports and automated report generation or classification using LLMs. The research questions differ—information extraction from pathology vs. radiology report generation/inference—making them adjacent rather than substantially overlapping.","pathology, extraction, pathology reports, text","reports, radiology, report generation, generation",
5,63,7,0.00506,0.8294,r9_depth,1,no,"Both topics involve healthcare informatics and AI, but they address entirely different problems. Topic A focuses on NLP and text extraction from pathology reports (unstructured text processing), while Topic B focuses on computer vision and image analysis for colonoscopy polyp detection. The research questions, methods (NLP vs. CNN/image segmentation), and data modalities (text vs. endoscopic images) are distinct.","pathology, extraction, pathology reports, text","colonoscopy, polyp, polyps, colorectal",
5,98,8,0.003233,0.8449,r9_depth,1,partial,"Both topics involve NLP applied to biomedical text, but serve distinct purposes. Topic A focuses on extracting clinical data from pathology reports to support healthcare decision-making. Topic B focuses on automated abstract screening for systematic literature reviews. They share NLP/AI methods broadly, but the research questions, data sources, and work-products differ substantially.","pathology, extraction, pathology reports, text","screening, reviews, abstract screening, abstract",
5,94,9,0.002646,0.8668,r9_depth,1,partial,"Both topics involve NLP applied to clinical text, but Topic A focuses on extracting information from pathology reports to support clinical workflows, while Topic B addresses parsing clinical trial eligibility criteria for cohort discovery. The research questions, target documents, and end goals differ substantially. NLP/text extraction is a shared technique, but the applications and pipelines are distinct.","pathology, extraction, pathology reports, text","eligibility, criteria, eligibility criteria, clinical trial",
6,17,1,0.012228,0.8448,paper_top3,1,no,"Topic A consists of student practicum presentations at [INSTITUTION] focused on health IT tools like terminology services and facility registries. Topic B addresses digital health equity, bias in digital services, and global digital health diplomacy. Both broadly touch on health informatics and global health IT, but they address entirely different research questions—educational/practicum work vs. equity and policy discourse—with no shared methodology.","course, global, institute, [institution]","digital health, digital, equity, health equity",
6,28,2,0.009136,0.8651,paper_top3,1,no,"Topic A covers practicum/capstone projects at [INSTITUTION] involving health IT course development and health information exchange infrastructure. Topic B addresses patient consent, health data sharing, and privacy in electronic health information exchange. Both touch on health informatics broadly, but Topic A is about educational/internship projects while Topic B is empirical research on consent and data privacy policies. Different research questions and methods.","course, global, institute, [institution]","consent, health data, sharing, data sharing",
6,29,3,0.008454,0.8897,paper_top3,2,no,"Both topics relate to health informatics education and training, but differ substantially. Topic A consists of student practicum presentations at [INSTITUTION] covering specific HIT projects. Topic B addresses formal clinical informatics fellowship programs, board certification, and workforce competencies through survey-based research. They share the broad domain of informatics education/training but address different research questions with entirely different methods.","course, global, institute, [institution]","informatics, programs, competencies, clinical informatics",
6,46,4,0.006746,0.8566,r9_depth,1,no,"Both topics touch on health informatics and health information exchange broadly. Topic A describes student practicum projects at [ORG] involving course development and health facility registries. Topic B covers FHIR/HL7 interoperability research with EHRs and public health systems. While both exist within health IT, they address entirely different research questions—education/training vs. technical interoperability standards—with no methodological overlap.","course, global, institute, [ORG]","fhir, interoperability, resources, hl7",
6,59,5,0.0052,0.8483,r9_depth,1,no,"Topic A covers student practicum/capstone projects at [ORG] involving course development and health IT tools. Topic B focuses on OMOP CDM standardization of observational health data for federated research. Both broadly involve health informatics and data standards, but their research questions, methods, and work-products are entirely different—one is educational/practicum reporting, the other is data harmonization research.","course, global, institute, [ORG]","omop, cdm, omop cdm, common data",
6,64,6,0.004919,0.8567,r9_depth,1,no,"Both topics touch on health information exchange (HIE) and health informatics broadly, but Topic A consists of student practicum presentations about coursework and projects at [ORG], while Topic B comprises peer-reviewed research on hospital adoption of HIE systems. Their research questions, methods, and work products are entirely different—one is educational/vocational, the other is empirical health services research.","course, global, institute, [ORG]","hie, hospitals, exchange, adoption",
6,81,7,0.003935,0.8188,r9_depth,1,no,"Topic A covers student practicum experiences at [ORG] involving health IT course development and health information exchange infrastructure. Topic B addresses clinical terminology systems (SNOMED CT, LOINC, UMLS) and their encoding, quality assurance, and interoperability. Both are broadly in biomedical informatics, but they tackle entirely different research questions—education/practicum vs. terminology science—with unrelated methods.","course, global, institute, [ORG]","snomed, snomed ct, ct, concepts",
6,89,8,0.003514,0.8209,r9_depth,0,no,"Topic A covers health informatics practicum/capstone projects at [ORG], focusing on terminology services, health facility registries, and HIE course development. Topic B addresses climate change, environmental sustainability, and healthcare's carbon footprint using informatics frameworks. The two topics share no research question, no methods, and only a very broad 'informatics' umbrella domain.","course, global, institute, [ORG]","climate, environmental, climate change, emissions",
6,90,9,0.003514,0.8718,r9_depth,1,no,"Both topics touch on health informatics education broadly, but Topic A consists of student practicum reports at [ORG] covering specific HIT projects, while Topic B addresses digital health competencies and literacy in professional/undergraduate curricula via scoping reviews and meta-syntheses. The research questions, methods, and work products are distinct; the only shared element is a general health informatics education context.","course, global, institute, [ORG]","digital, digital health, education, competencies",
6,99,10,0.003233,0.8349,r9_depth,0,no,"Topic A covers student practicum/capstone projects at [ORG] involving health IT course development and health information exchange tools. Topic B addresses record linkage algorithms and patient matching methodologies using machine learning and probabilistic methods. These topics share no common research question, methods, or work products beyond a broad biomedical informatics domain.","course, global, institute, [ORG]","linkage, record linkage, record, rl",
7,10,1,0.020801,0.8437,paper_top3,0,no,"Topic A focuses on extracting and visualizing renal parameters from pathology reports and RNA-seq genomic analysis, while Topic B addresses drug-drug interactions, drug combination prediction, and knowledge bases using graph-based deep learning and EHR data. They share no common research question, methodology, or domain focus beyond broad biomedical informatics.","renal, extraction, pathology, pathology reports","drug, graph, drugs, protein",
7,25,2,0.009557,0.8572,paper_top3,1,no,"Both topics touch on biomedical/health informatics broadly, but Topic A focuses on extracting and visualizing renal parameters from pathology reports (plus one RNA-seq project), while Topic B addresses radiomics, cancer survival prediction, immunotherapy response, and tumor microenvironment using deep learning and molecular signatures. The research questions, diseases, and methods are largely distinct, sharing only a general healthcare/data analytics domain.","renal, extraction, pathology, pathology reports","radiomics, cancer, features, survival",
7,35,3,0.008011,0.8619,paper_top3,1,no,"Both topics broadly involve biomedical data analysis, but they address different research questions. Topic A focuses on extracting and visualizing renal parameters from pathology reports and RNA-seq genomic data for allergic diseases. Topic B focuses on cancer subtyping, multi-omics analysis, and recurrence prediction using gene expression data. The methods (NLP/visualization vs. machine learning on genomics) and clinical domains differ substantially.","renal, extraction, pathology, pathology reports","gene, genes, cancer, expression",
7,49,4,0.006606,0.8745,r9_depth,2,partial,"Both topics involve renal/kidney health and use machine learning or data analytics approaches. Topic A focuses on extracting and visualizing renal parameters from pathology reports (NLP/information extraction), while Topic B focuses on predicting kidney disease outcomes using ML models on EHR data. They share the renal domain and ML methods broadly, but differ in specific research questions—extraction/visualization vs. predictive modeling—making them adjacent rather than substantially overlapping.","renal, extraction, pathology, pathology reports","liver, fibrosis, kidney, transplant",
7,12,5,0.004937,0.8276,r9_depth,0,no,"Topic A focuses on extracting and visualizing renal parameters from pathology reports using machine learning/NLP, plus RNA-seq genomic analysis. Topic B focuses on medical image segmentation and computer-aided diagnosis using CNNs for tumors and surgical navigation. They share a broad biomedical informatics domain but address entirely different research questions (text extraction vs. image segmentation) with unrelated methods.","renal, extraction, pathology, pathology reports","segmentation, image, tumor, images",
7,70,6,0.004498,0.7915,r9_depth,0,no,"Topic A covers renal pathology report extraction/visualization and RNA-seq genomic data analysis in clinical informatics capstone projects. Topic B addresses computational prediction of miRNA/circRNA-disease associations using network-based and matrix factorization methods. These topics differ in research questions, biological focus, and methods—one is clinical data extraction/visualization, the other is bioinformatic association prediction.","renal, extraction, pathology, pathology reports","associations, mirnas, diseases, mirna",
7,4,7,0.000664,0.8498,r9_depth,1,no,"Both topics touch on healthcare analytics, but Topic A focuses on extracting and visualizing renal parameters from pathology reports using ML/text extraction, while Topic B centers on deep learning analysis of retinal fundus images for ophthalmic and cardiovascular biomarkers. The organs, data modalities (text reports vs. images), and specific research questions differ substantially, with only a broad healthcare informatics domain shared.","renal, extraction, pathology, pathology reports","retinal, images, fundus, diabetic",
7,47,8,0.000245,0.852,r9_depth,1,no,"Both topics touch on healthcare data and clinical decision support, but Topic A focuses on extracting and visualizing renal parameters from pathology reports (and includes RNA-seq genomic analysis), while Topic B addresses machine learning for cancer survival prediction using EHR and oncology data. The research questions, methods, and target conditions are largely distinct, sharing only a broad healthcare informatics domain.","renal, extraction, pathology, pathology reports","survival, cancer, machine, machine learning",
