capstone_id,D1,D2,D3,D4,D5,D6,D7,D8,D9,D10,argmax_id,argmax_label
cap_0001,0.594006,0.648024,0.485328,0.401866,0.628654,0.608432,0.438799,0.547885,0.526685,0.307574,D2,Health Information Science and Technology
cap_0002,0.780331,0.793474,0.770158,0.65809,0.843456,0.749607,0.715055,0.816246,0.836655,0.768239,D5,"Data Analytics, Decision-Making, and Discovery"
cap_0003,0.479637,0.383791,0.249175,0.232239,0.573743,0.672842,0.427115,0.389913,0.484836,0.155202,D6,"Leadership, Professionalism, Project Management, Ethics, and Strategic Thinking"
cap_0004,0.614265,0.825953,0.660841,0.785396,0.798905,0.857479,0.684279,0.798548,0.820312,0.863131,D10,Consumer Health Informatics
cap_0005,0.80783,0.796116,0.910075,0.658295,0.907368,0.831547,0.847418,0.883038,0.7561,0.721455,D3,Social and Behavioral Aspects of Health
cap_0006,0.414514,0.500988,0.388464,0.466628,0.701831,0.671808,0.600754,0.679357,0.526532,0.448845,D5,"Data Analytics, Decision-Making, and Discovery"
cap_0007,0.87561,0.878586,0.704848,0.736352,0.888962,0.891904,0.846433,0.925145,0.793253,0.505907,D8,Clinical Informatics
cap_0008,0.201885,0.444271,0.386058,0.069624,0.657892,0.623369,0.21973,0.492303,0.172301,0.177653,D5,"Data Analytics, Decision-Making, and Discovery"
cap_0009,0.883542,0.893106,0.899857,0.81848,0.918849,0.862054,0.834486,0.87057,0.826082,0.845757,D5,"Data Analytics, Decision-Making, and Discovery"
cap_0010,0.865492,0.894055,0.789392,0.816187,0.873332,0.927564,0.8613,0.883719,0.886145,0.668582,D6,"Leadership, Professionalism, Project Management, Ethics, and Strategic Thinking"
cap_0011,0.712976,0.712884,0.551485,0.596114,0.665917,0.71231,0.658859,0.699131,0.646388,0.632601,D1,Health Sciences
cap_0012,0.430825,0.513702,0.505103,0.401667,0.696419,0.860421,0.676974,0.581568,0.447826,0.393736,D6,"Leadership, Professionalism, Project Management, Ethics, and Strategic Thinking"
cap_0013,0.70709,0.840022,0.787267,0.53749,0.809633,0.811548,0.764256,0.755821,0.619564,0.776976,D2,Health Information Science and Technology
cap_0014,0.321067,0.858222,0.079285,0.379345,0.262342,0.980333,0.241711,0.64419,0.585978,0.119262,D6,"Leadership, Professionalism, Project Management, Ethics, and Strategic Thinking"
cap_0015,0.505546,0.645631,0.378806,0.07003,0.377629,0.82295,0.294444,0.497625,0.612614,0.182947,D6,"Leadership, Professionalism, Project Management, Ethics, and Strategic Thinking"
cap_0016,0.690614,0.733288,0.817488,0.642198,0.719138,0.836674,0.772036,0.701088,0.746588,0.662574,D6,"Leadership, Professionalism, Project Management, Ethics, and Strategic Thinking"
cap_0017,0.426722,0.584737,0.453509,0.602258,0.836433,0.836237,0.183397,0.470467,0.61277,0.310867,D5,"Data Analytics, Decision-Making, and Discovery"
cap_0018,0.840925,0.949344,0.857778,0.927198,0.980098,0.984919,0.761605,0.914006,0.616855,0.43918,D6,"Leadership, Professionalism, Project Management, Ethics, and Strategic Thinking"
cap_0019,0.332213,0.44616,0.376366,0.568098,0.77113,0.589495,0.515531,0.832844,0.613555,0.133742,D8,Clinical Informatics
cap_0020,0.199763,0.560869,0.234569,0.161619,0.53328,0.547112,0.204501,0.233043,0.494308,0.25029,D2,Health Information Science and Technology
cap_0021,0.054658,0.110437,0.026131,0.00939,0.022873,0.012127,0.040025,0.055377,0.069885,0.035134,D2,Health Information Science and Technology
cap_0022,0.770868,0.802851,0.608652,0.520435,0.797545,0.787452,0.695557,0.823651,0.781864,0.550179,D8,Clinical Informatics
cap_0023,0.816791,0.876,0.903469,0.895739,0.967565,0.872652,0.721556,0.833929,0.707215,0.77075,D5,"Data Analytics, Decision-Making, and Discovery"
cap_0024,0.591649,0.612428,0.817465,0.66608,0.822792,0.93768,0.648193,0.768002,0.511394,0.484841,D6,"Leadership, Professionalism, Project Management, Ethics, and Strategic Thinking"
cap_0025,0.766587,0.784698,0.643337,0.735484,0.83704,0.813077,0.601831,0.718614,0.577401,0.431952,D5,"Data Analytics, Decision-Making, and Discovery"
cap_0026,0.839222,0.927791,0.906385,0.96741,0.962247,0.963319,0.893434,0.946529,0.85864,0.787078,D4,Information Science and Technology
cap_0027,0.893381,0.918225,0.815762,0.899589,0.931031,0.954542,0.883353,0.932063,0.894413,0.815128,D6,"Leadership, Professionalism, Project Management, Ethics, and Strategic Thinking"
cap_0028,0.749008,0.825527,0.751546,0.872614,0.878797,0.885354,0.765478,0.86747,0.795082,0.654837,D6,"Leadership, Professionalism, Project Management, Ethics, and Strategic Thinking"
cap_0029,0.891752,0.850029,0.862193,0.842618,0.883725,0.889285,0.84599,0.83173,0.835595,0.757645,D1,Health Sciences
cap_0030,0.82373,0.546556,0.649029,0.555151,0.887998,0.767124,0.752525,0.850478,0.756418,0.5744,D5,"Data Analytics, Decision-Making, and Discovery"
cap_0031,0.887988,0.929708,0.890723,0.934337,0.787996,0.962682,0.846773,0.846131,0.836044,0.714272,D6,"Leadership, Professionalism, Project Management, Ethics, and Strategic Thinking"
cap_0032,0.876001,0.879382,0.849021,0.89916,0.938067,0.923028,0.845253,0.876567,0.870497,0.834094,D5,"Data Analytics, Decision-Making, and Discovery"
cap_0033,0.675263,0.785698,0.804509,0.800169,0.764601,0.88256,0.667341,0.817863,0.74279,0.628906,D6,"Leadership, Professionalism, Project Management, Ethics, and Strategic Thinking"
cap_0034,0.81864,0.878934,0.855047,0.921292,0.958134,0.955428,0.848402,0.926727,0.892251,0.592803,D5,"Data Analytics, Decision-Making, and Discovery"
cap_0035,0.869206,0.921575,0.868871,0.889587,0.907443,0.893902,0.821927,0.899421,0.792085,0.755628,D2,Health Information Science and Technology
cap_0036,0.791242,0.667794,0.855433,0.672711,0.846816,0.887634,0.719191,0.872315,0.834327,0.750636,D6,"Leadership, Professionalism, Project Management, Ethics, and Strategic Thinking"
cap_0037,0.505456,0.533833,0.17607,0.352051,0.547344,0.502329,0.40769,0.474162,0.223107,0.214382,D5,"Data Analytics, Decision-Making, and Discovery"
cap_0038,0.622429,0.794772,0.624305,0.668062,0.900197,0.901325,0.724503,0.745806,0.731115,0.270106,D6,"Leadership, Professionalism, Project Management, Ethics, and Strategic Thinking"
cap_0039,0.854092,0.895094,0.918436,0.915182,0.959537,0.974237,0.933346,0.955065,0.835727,0.801866,D6,"Leadership, Professionalism, Project Management, Ethics, and Strategic Thinking"
cap_0040,0.978228,0.985457,0.974786,0.981498,0.996016,0.986106,0.939042,0.941676,0.900684,0.820853,D5,"Data Analytics, Decision-Making, and Discovery"
cap_0041,0.744674,0.80767,0.743444,0.879536,0.794349,0.917767,0.75122,0.871148,0.628809,0.758583,D6,"Leadership, Professionalism, Project Management, Ethics, and Strategic Thinking"
cap_0042,0.917961,0.89805,0.934016,0.928136,0.953776,0.907997,0.929829,0.924522,0.879823,0.899362,D5,"Data Analytics, Decision-Making, and Discovery"
cap_0043,0.977288,0.984258,0.979381,0.988692,0.993829,0.973386,0.968784,0.986197,0.954644,0.968771,D5,"Data Analytics, Decision-Making, and Discovery"
cap_0044,0.776186,0.858783,0.75272,0.781176,0.890849,0.956716,0.780456,0.81766,0.77835,0.735572,D6,"Leadership, Professionalism, Project Management, Ethics, and Strategic Thinking"
cap_0045,0.955511,0.976323,0.932347,0.979545,0.996558,0.98999,0.987731,0.982657,0.974796,0.848472,D5,"Data Analytics, Decision-Making, and Discovery"
cap_0046,0.956525,0.97084,0.949473,0.97862,0.949414,0.978783,0.91983,0.968894,0.917005,0.959993,D6,"Leadership, Professionalism, Project Management, Ethics, and Strategic Thinking"
cap_0047,0.770648,0.843428,0.866901,0.663112,0.929876,0.939558,0.826532,0.820519,0.7633,0.64034,D6,"Leadership, Professionalism, Project Management, Ethics, and Strategic Thinking"
cap_0048,0.590062,0.806858,0.812314,0.750777,0.87303,0.91114,0.803678,0.836151,0.779344,0.608038,D6,"Leadership, Professionalism, Project Management, Ethics, and Strategic Thinking"
cap_0049,0.833172,0.943902,0.901462,0.851979,0.971843,0.933897,0.905451,0.907406,0.803584,0.833138,D5,"Data Analytics, Decision-Making, and Discovery"
cap_0050,0.823758,0.862652,0.868138,0.834324,0.87582,0.942542,0.855525,0.892136,0.869469,0.729172,D6,"Leadership, Professionalism, Project Management, Ethics, and Strategic Thinking"
cap_0051,0.887054,0.892861,0.877326,0.849393,0.871889,0.929957,0.894552,0.916143,0.94667,0.71812,D9,Public Health Informatics
cap_0052,0.703458,0.600175,0.729058,0.617115,0.887905,0.83525,0.695973,0.74667,0.713574,0.44647,D5,"Data Analytics, Decision-Making, and Discovery"
cap_0053,0.907686,0.963766,0.971748,0.980077,0.985964,0.988102,0.924876,0.937636,0.945636,0.908092,D6,"Leadership, Professionalism, Project Management, Ethics, and Strategic Thinking"
cap_0054,0.885042,0.876691,0.885087,0.88334,0.923594,0.920502,0.944702,0.906367,0.892603,0.89813,D7,Translational Bioinformatics
cap_0055,0.864376,0.704152,0.789321,0.746566,0.899041,0.872182,0.745347,0.80578,0.701106,0.509709,D5,"Data Analytics, Decision-Making, and Discovery"
cap_0056,0.864086,0.814083,0.797977,0.738836,0.908675,0.85253,0.76175,0.816851,0.731654,0.475069,D5,"Data Analytics, Decision-Making, and Discovery"
cap_0057,0.922658,0.948436,0.925097,0.867847,0.940993,0.939381,0.949922,0.956499,0.89543,0.879448,D8,Clinical Informatics
cap_0058,0.372363,0.429494,0.432723,0.354626,0.62073,0.614435,0.456892,0.643003,0.370626,0.300421,D8,Clinical Informatics
cap_0059,0.818332,0.837489,0.710065,0.845048,0.958729,0.909033,0.897793,0.950111,0.595948,0.46466,D5,"Data Analytics, Decision-Making, and Discovery"
cap_0060,0.979528,0.976506,0.943129,0.989374,0.977703,0.989679,0.977253,0.977777,0.973895,0.922529,D6,"Leadership, Professionalism, Project Management, Ethics, and Strategic Thinking"
cap_0061,0.941516,0.980112,0.931463,0.95705,0.989963,0.973269,0.863441,0.942287,0.78776,0.74638,D5,"Data Analytics, Decision-Making, and Discovery"
cap_0062,0.87156,0.967329,0.924172,0.959411,0.974072,0.985089,0.871247,0.947356,0.915649,0.850782,D6,"Leadership, Professionalism, Project Management, Ethics, and Strategic Thinking"
cap_0063,0.817866,0.861692,0.828573,0.916085,0.956554,0.947359,0.784804,0.920809,0.68655,0.616377,D5,"Data Analytics, Decision-Making, and Discovery"
cap_0064,0.870383,0.823835,0.850673,0.775701,0.872941,0.82816,0.826026,0.870345,0.76475,0.753427,D5,"Data Analytics, Decision-Making, and Discovery"
cap_0065,0.841272,0.713353,0.693361,0.51636,0.915012,0.598993,0.821332,0.860462,0.477358,0.554082,D5,"Data Analytics, Decision-Making, and Discovery"
cap_0066,0.97803,0.977732,0.949335,0.935695,0.988577,0.981681,0.980443,0.979368,0.931899,0.904732,D5,"Data Analytics, Decision-Making, and Discovery"
cap_0067,0.908719,0.740279,0.645071,0.478778,0.82618,0.761625,0.684589,0.613915,0.479147,0.463658,D1,Health Sciences
cap_0068,0.932391,0.899663,0.798848,0.878819,0.967203,0.78835,0.890741,0.971922,0.814442,0.740685,D8,Clinical Informatics
cap_0069,0.300455,0.551691,0.187296,0.60616,0.485765,0.613458,0.446372,0.732618,0.35829,0.179673,D8,Clinical Informatics
cap_0070,0.828217,0.779923,0.665443,0.7386,0.914447,0.693884,0.795816,0.848008,0.555074,0.401257,D5,"Data Analytics, Decision-Making, and Discovery"
cap_0071,0.974939,0.965438,0.950683,0.937687,0.989025,0.968187,0.941483,0.972663,0.90695,0.936784,D5,"Data Analytics, Decision-Making, and Discovery"
cap_0072,0.811523,0.969923,0.691856,0.931905,0.970329,0.697795,0.84872,0.9363,0.644539,0.709382,D5,"Data Analytics, Decision-Making, and Discovery"
cap_0073,0.942629,0.907354,0.927739,0.930821,0.97731,0.982246,0.950727,0.964001,0.880796,0.877359,D6,"Leadership, Professionalism, Project Management, Ethics, and Strategic Thinking"
cap_0074,0.950555,0.894259,0.860928,0.863068,0.97348,0.871027,0.934944,0.943025,0.885038,0.756068,D5,"Data Analytics, Decision-Making, and Discovery"
cap_0075,0.910481,0.926426,0.731873,0.833836,0.948609,0.889439,0.92307,0.920808,0.825963,0.797017,D5,"Data Analytics, Decision-Making, and Discovery"
cap_0076,0.943728,0.930184,0.913622,0.902512,0.979261,0.953613,0.947658,0.942831,0.926916,0.825488,D5,"Data Analytics, Decision-Making, and Discovery"
cap_0077,0.734819,0.80518,0.555584,0.676826,0.836969,0.863264,0.758085,0.868126,0.481188,0.399514,D8,Clinical Informatics
cap_0078,0.902258,0.883988,0.885281,0.740096,0.925171,0.810239,0.837769,0.913179,0.755129,0.726474,D5,"Data Analytics, Decision-Making, and Discovery"
cap_0079,0.955545,0.965655,0.947428,0.94564,0.96183,0.976972,0.953637,0.951609,0.94903,0.940159,D6,"Leadership, Professionalism, Project Management, Ethics, and Strategic Thinking"
cap_0080,0.946383,0.93233,0.850803,0.874699,0.954444,0.952231,0.949822,0.971216,0.62578,0.840241,D8,Clinical Informatics
cap_0081,0.656483,0.899306,0.820679,0.833955,0.930189,0.93048,0.758856,0.832389,0.631677,0.614041,D6,"Leadership, Professionalism, Project Management, Ethics, and Strategic Thinking"
cap_0082,0.861135,0.929334,0.889353,0.908767,0.96157,0.938614,0.920528,0.969636,0.83851,0.462539,D8,Clinical Informatics
cap_0083,0.757449,0.797877,0.6547,0.823729,0.786126,0.843039,0.64729,0.923788,0.744743,0.222387,D8,Clinical Informatics
cap_0084,0.764734,0.675976,0.820051,0.667659,0.883908,0.852773,0.780073,0.816662,0.852233,0.582228,D5,"Data Analytics, Decision-Making, and Discovery"
cap_0085,0.970082,0.984099,0.980212,0.962924,0.942375,0.988289,0.983497,0.987856,0.948,0.969908,D6,"Leadership, Professionalism, Project Management, Ethics, and Strategic Thinking"
cap_0086,0.884218,0.892461,0.929071,0.852019,0.940338,0.805479,0.908799,0.879753,0.873278,0.828315,D5,"Data Analytics, Decision-Making, and Discovery"
cap_0087,0.702545,0.988033,0.291446,0.969265,0.976741,0.978942,0.855279,0.920172,0.711397,0.502393,D2,Health Information Science and Technology
cap_0088,0.945633,0.954772,0.96759,0.938121,0.938491,0.931632,0.951564,0.951367,0.91843,0.906717,D3,Social and Behavioral Aspects of Health
cap_0089,0.840125,0.985251,0.444095,0.9559,0.946874,0.948409,0.927607,0.961174,0.838424,0.424118,D2,Health Information Science and Technology
cap_0090,0.788799,0.797712,0.759611,0.812877,0.880753,0.85583,0.836595,0.800941,0.852076,0.696168,D5,"Data Analytics, Decision-Making, and Discovery"
cap_0091,0.901768,0.90691,0.822351,0.927702,0.960774,0.944756,0.857171,0.90962,0.657746,0.317704,D5,"Data Analytics, Decision-Making, and Discovery"
cap_0092,0.731208,0.687287,0.791854,0.721398,0.782545,0.762555,0.729074,0.726223,0.678758,0.438346,D3,Social and Behavioral Aspects of Health
cap_0093,0.595289,0.693931,0.604048,0.555318,0.865484,0.882165,0.553158,0.688828,0.481277,0.448473,D6,"Leadership, Professionalism, Project Management, Ethics, and Strategic Thinking"
cap_0094,0.816966,0.905726,0.864288,0.843869,0.850802,0.890984,0.883937,0.88379,0.840799,0.737047,D2,Health Information Science and Technology
cap_0095,0.846163,0.866081,0.815617,0.71352,0.892736,0.849036,0.838437,0.840371,0.637102,0.586483,D5,"Data Analytics, Decision-Making, and Discovery"
cap_0096,0.650481,0.780843,0.81409,0.707197,0.763824,0.876672,0.777636,0.72756,0.699192,0.590793,D6,"Leadership, Professionalism, Project Management, Ethics, and Strategic Thinking"
cap_0097,0.93832,0.978627,0.75321,0.948291,0.980346,0.966876,0.885606,0.957163,0.809495,0.753408,D5,"Data Analytics, Decision-Making, and Discovery"
cap_0098,0.944487,0.942169,0.819229,0.926248,0.915645,0.880199,0.909433,0.964798,0.862627,0.773732,D8,Clinical Informatics
cap_0099,0.865288,0.912753,0.865097,0.846424,0.926517,0.941708,0.855459,0.872908,0.857583,0.767806,D6,"Leadership, Professionalism, Project Management, Ethics, and Strategic Thinking"
cap_0100,0.939855,0.962469,0.956817,0.948861,0.937695,0.913333,0.952548,0.951962,0.891659,0.883119,D2,Health Information Science and Technology
cap_0101,0.594703,0.741545,0.694389,0.710101,0.923887,0.860985,0.773177,0.750093,0.522131,0.425862,D5,"Data Analytics, Decision-Making, and Discovery"
cap_0102,0.951005,0.836985,0.821682,0.863136,0.888529,0.950688,0.772817,0.940735,0.845096,0.579375,D1,Health Sciences
cap_0103,0.914044,0.926985,0.926344,0.935532,0.923587,0.935704,0.933687,0.950479,0.903773,0.764684,D8,Clinical Informatics
cap_0104,0.924679,0.939114,0.91755,0.835598,0.9431,0.949759,0.864898,0.941654,0.92408,0.780767,D6,"Leadership, Professionalism, Project Management, Ethics, and Strategic Thinking"
cap_0105,0.581903,0.751724,0.714103,0.678041,0.909979,0.870903,0.819714,0.776164,0.64392,0.538748,D5,"Data Analytics, Decision-Making, and Discovery"
cap_0106,0.824748,0.853811,0.762615,0.699237,0.821252,0.913047,0.794057,0.846942,0.770394,0.548116,D6,"Leadership, Professionalism, Project Management, Ethics, and Strategic Thinking"
cap_0107,0.977569,0.99686,0.923004,0.986711,0.997412,0.998443,0.98423,0.993401,0.908902,0.881086,D6,"Leadership, Professionalism, Project Management, Ethics, and Strategic Thinking"
cap_0108,0.72599,0.775018,0.669924,0.713498,0.731444,0.800223,0.571233,0.645317,0.79939,0.498904,D6,"Leadership, Professionalism, Project Management, Ethics, and Strategic Thinking"
cap_0109,0.714615,0.827156,0.656545,0.617029,0.85551,0.876636,0.718773,0.938082,0.801141,0.528253,D8,Clinical Informatics
cap_0110,0.447215,0.866566,0.280836,0.385184,0.424185,0.527937,0.253594,0.598626,0.501954,0.414842,D2,Health Information Science and Technology
cap_0111,0.900999,0.893539,0.785245,0.91357,0.958438,0.922839,0.833104,0.875134,0.88063,0.725356,D5,"Data Analytics, Decision-Making, and Discovery"
cap_0112,0.97269,0.942247,0.94143,0.934844,0.942112,0.972809,0.951268,0.962837,0.957885,0.898252,D6,"Leadership, Professionalism, Project Management, Ethics, and Strategic Thinking"
cap_0113,0.46103,0.664644,0.504785,0.441068,0.594017,0.708573,0.514877,0.444168,0.488054,0.554251,D6,"Leadership, Professionalism, Project Management, Ethics, and Strategic Thinking"
cap_0114,0.803187,0.833132,0.795895,0.63094,0.784382,0.933339,0.839425,0.94334,0.796636,0.709097,D8,Clinical Informatics
cap_0115,0.500333,0.650852,0.285697,0.463622,0.832112,0.645332,0.457682,0.742085,0.556598,0.277506,D5,"Data Analytics, Decision-Making, and Discovery"
cap_0116,0.095148,0.098441,0.071769,0.092021,0.054661,0.129772,0.067952,0.079346,0.051948,0.100976,D6,"Leadership, Professionalism, Project Management, Ethics, and Strategic Thinking"
cap_0117,0.810414,0.825973,0.718696,0.571916,0.765011,0.925703,0.789781,0.821291,0.645617,0.627116,D6,"Leadership, Professionalism, Project Management, Ethics, and Strategic Thinking"
cap_0118,0.290529,0.297161,0.151668,0.106418,0.308296,0.085057,0.247315,0.285913,0.32017,0.098769,D9,Public Health Informatics
cap_0119,0.916195,0.964991,0.93828,0.971862,0.935585,0.994118,0.890999,0.927609,0.948559,0.903644,D6,"Leadership, Professionalism, Project Management, Ethics, and Strategic Thinking"
cap_0120,0.6477,0.730327,0.57974,0.740648,0.533716,0.524903,0.537355,0.764152,0.683569,0.558721,D8,Clinical Informatics
cap_0121,0.831771,0.819981,0.727928,0.78042,0.748084,0.89547,0.807444,0.819811,0.717489,0.610941,D6,"Leadership, Professionalism, Project Management, Ethics, and Strategic Thinking"
cap_0122,0.912625,0.876888,0.813066,0.852027,0.890583,0.852758,0.846724,0.849247,0.858524,0.74382,D1,Health Sciences
cap_0123,0.647675,0.800373,0.614702,0.748874,0.852724,0.791132,0.679977,0.664959,0.705499,0.287682,D5,"Data Analytics, Decision-Making, and Discovery"
cap_0124,0.879753,0.598883,0.61339,0.710365,0.826691,0.884974,0.818385,0.666846,0.808482,0.534937,D6,"Leadership, Professionalism, Project Management, Ethics, and Strategic Thinking"
cap_0125,0.464769,0.637883,0.581482,0.511645,0.567444,0.726311,0.361061,0.503924,0.395986,0.305338,D6,"Leadership, Professionalism, Project Management, Ethics, and Strategic Thinking"
cap_0126,0.968738,0.949937,0.942118,0.958611,0.965333,0.971478,0.953603,0.955416,0.933363,0.907997,D6,"Leadership, Professionalism, Project Management, Ethics, and Strategic Thinking"
cap_0127,0.742864,0.870013,0.777128,0.860261,0.904636,0.864965,0.869492,0.898542,0.836426,0.771478,D5,"Data Analytics, Decision-Making, and Discovery"
cap_0128,0.866589,0.814812,0.658904,0.808749,0.805408,0.720928,0.904551,0.793055,0.818097,0.662461,D7,Translational Bioinformatics
cap_0129,0.397651,0.494798,0.552966,0.355289,0.391373,0.442286,0.41658,0.505031,0.428467,0.492548,D3,Social and Behavioral Aspects of Health
cap_0130,0.88303,0.884124,0.78723,0.950033,0.871367,0.923675,0.888104,0.892027,0.844429,0.829848,D4,Information Science and Technology
cap_0131,0.915701,0.935608,0.969277,0.9702,0.978434,0.955378,0.930141,0.91684,0.953541,0.921477,D5,"Data Analytics, Decision-Making, and Discovery"
cap_0132,0.316474,0.926132,0.784631,0.890617,0.833414,0.909834,0.6954,0.934941,0.856028,0.66059,D8,Clinical Informatics
cap_0133,0.882007,0.857953,0.931384,0.798923,0.814982,0.913239,0.852656,0.785207,0.901131,0.748869,D3,Social and Behavioral Aspects of Health
cap_0134,0.841959,0.965346,0.839107,0.91164,0.892308,0.961814,0.769855,0.940805,0.853712,0.810529,D2,Health Information Science and Technology
cap_0135,0.619757,0.73447,0.793915,0.54543,0.775193,0.783779,0.639188,0.715021,0.684704,0.294392,D3,Social and Behavioral Aspects of Health
cap_0136,0.933491,0.925394,0.865786,0.943061,0.91348,0.9393,0.88652,0.929343,0.88935,0.640943,D4,Information Science and Technology
cap_0137,0.894616,0.750818,0.444353,0.555478,0.786972,0.757488,0.79668,0.698433,0.713246,0.521214,D1,Health Sciences
cap_0138,0.929251,0.891358,0.935053,0.947169,0.979436,0.968569,0.889084,0.934828,0.904568,0.771579,D5,"Data Analytics, Decision-Making, and Discovery"
cap_0139,0.606273,0.644592,0.74503,0.702434,0.820895,0.802488,0.642233,0.672545,0.554552,0.394442,D5,"Data Analytics, Decision-Making, and Discovery"
cap_0140,0.713089,0.841244,0.733628,0.734923,0.724028,0.854032,0.747086,0.734098,0.804154,0.65965,D6,"Leadership, Professionalism, Project Management, Ethics, and Strategic Thinking"
cap_0141,0.906939,0.942443,0.947458,0.972241,0.96656,0.97184,0.938139,0.948901,0.930815,0.753004,D4,Information Science and Technology
cap_0142,0.844077,0.938952,0.860941,0.958668,0.919786,0.98084,0.745807,0.936801,0.936031,0.836115,D6,"Leadership, Professionalism, Project Management, Ethics, and Strategic Thinking"
cap_0143,0.359319,0.588512,0.347284,0.839698,0.730181,0.686151,0.393712,0.467253,0.372686,0.321975,D4,Information Science and Technology
cap_0144,0.0,0.0,0.0,0.0,0.0,0.0,0.0,0.0,0.0,0.0,NA,NA
cap_0145,0.757204,0.729117,0.723894,0.676002,0.862721,0.710209,0.761428,0.845936,0.707482,0.451542,D5,"Data Analytics, Decision-Making, and Discovery"
cap_0146,0.869569,0.810894,0.715415,0.769731,0.899639,0.796587,0.890702,0.953943,0.878795,0.520527,D8,Clinical Informatics
cap_0147,0.917012,0.969435,0.923627,0.984543,0.971877,0.990603,0.965891,0.963736,0.967575,0.875034,D6,"Leadership, Professionalism, Project Management, Ethics, and Strategic Thinking"
cap_0148,0.743438,0.763359,0.846226,0.749692,0.868937,0.862156,0.829868,0.869786,0.635749,0.629505,D8,Clinical Informatics
cap_0149,0.335438,0.888498,0.30055,0.947126,0.958788,0.916341,0.363082,0.834638,0.486869,0.418292,D5,"Data Analytics, Decision-Making, and Discovery"
cap_0150,0.930622,0.827508,0.884282,0.969398,0.970731,0.978366,0.971665,0.94803,0.847901,0.687498,D6,"Leadership, Professionalism, Project Management, Ethics, and Strategic Thinking"
cap_0151,0.916361,0.955342,0.879441,0.933086,0.926134,0.905565,0.938162,0.933319,0.947317,0.910468,D2,Health Information Science and Technology
cap_0152,0.960799,0.977288,0.964579,0.956774,0.977541,0.980765,0.966643,0.968315,0.955517,0.94732,D6,"Leadership, Professionalism, Project Management, Ethics, and Strategic Thinking"
cap_0153,0.958225,0.979898,0.891625,0.97247,0.980284,0.980709,0.926907,0.978473,0.929845,0.933851,D6,"Leadership, Professionalism, Project Management, Ethics, and Strategic Thinking"
cap_0154,0.879519,0.962109,0.766161,0.799062,0.803437,0.931159,0.827628,0.964411,0.799066,0.737059,D8,Clinical Informatics
cap_0155,0.81103,0.962679,0.80078,0.887312,0.904656,0.853321,0.838704,0.917665,0.813045,0.684418,D2,Health Information Science and Technology
cap_0156,0.761586,0.732738,0.676605,0.792372,0.795251,0.96066,0.769347,0.638091,0.770575,0.575166,D6,"Leadership, Professionalism, Project Management, Ethics, and Strategic Thinking"
cap_0157,0.836578,0.77618,0.843153,0.78722,0.921234,0.850409,0.899581,0.804417,0.814952,0.717249,D5,"Data Analytics, Decision-Making, and Discovery"
cap_0158,0.735611,0.820261,0.868354,0.875074,0.89135,0.936045,0.909052,0.934953,0.840551,0.61307,D6,"Leadership, Professionalism, Project Management, Ethics, and Strategic Thinking"
cap_0159,0.642723,0.781551,0.750698,0.72584,0.837992,0.763251,0.745732,0.866393,0.627204,0.589404,D8,Clinical Informatics
cap_0160,0.757048,0.763565,0.800551,0.855514,0.85099,0.868954,0.735366,0.742301,0.723502,0.583204,D6,"Leadership, Professionalism, Project Management, Ethics, and Strategic Thinking"
cap_0161,0.931541,0.871978,0.886012,0.931647,0.947601,0.934382,0.764738,0.908317,0.876128,0.724476,D5,"Data Analytics, Decision-Making, and Discovery"
cap_0162,0.92865,0.840603,0.837149,0.917236,0.958054,0.937549,0.891348,0.975469,0.909665,0.680416,D8,Clinical Informatics
cap_0163,0.783904,0.890949,0.826304,0.690725,0.946528,0.853276,0.788849,0.874413,0.564425,0.489612,D5,"Data Analytics, Decision-Making, and Discovery"
cap_0164,0.849867,0.815704,0.78508,0.706177,0.898292,0.937959,0.855437,0.863299,0.820301,0.712609,D6,"Leadership, Professionalism, Project Management, Ethics, and Strategic Thinking"
cap_0165,0.813185,0.918791,0.856663,0.856111,0.930654,0.953676,0.955555,0.958903,0.90246,0.797303,D8,Clinical Informatics
cap_0166,0.60108,0.709192,0.390213,0.666477,0.913418,0.653775,0.812427,0.780146,0.48518,0.577476,D5,"Data Analytics, Decision-Making, and Discovery"
cap_0167,0.631252,0.970287,0.358633,0.946727,0.785353,0.948787,0.638045,0.836409,0.549675,0.520517,D2,Health Information Science and Technology
cap_0168,0.731289,0.717367,0.766106,0.656698,0.719905,0.850357,0.720504,0.734981,0.550164,0.464157,D6,"Leadership, Professionalism, Project Management, Ethics, and Strategic Thinking"
cap_0169,0.83651,0.873002,0.849065,0.875422,0.911462,0.919462,0.950978,0.947832,0.785537,0.758428,D7,Translational Bioinformatics
cap_0170,0.950158,0.984323,0.945376,0.967714,0.974397,0.97861,0.958243,0.969351,0.934745,0.902818,D2,Health Information Science and Technology
cap_0171,0.926129,0.923429,0.809043,0.877003,0.904049,0.902757,0.840661,0.929201,0.694168,0.500957,D8,Clinical Informatics
cap_0172,0.338845,0.561043,0.509161,0.328612,0.450995,0.831679,0.540987,0.44177,0.290106,0.235018,D6,"Leadership, Professionalism, Project Management, Ethics, and Strategic Thinking"
cap_0173,0.88108,0.897054,0.938599,0.835784,0.887065,0.891075,0.729532,0.925625,0.907434,0.774486,D3,Social and Behavioral Aspects of Health
cap_0174,0.741755,0.708735,0.614649,0.731643,0.81786,0.820936,0.750053,0.788175,0.578374,0.466757,D6,"Leadership, Professionalism, Project Management, Ethics, and Strategic Thinking"
cap_0175,0.80723,0.845418,0.860827,0.785817,0.898624,0.944098,0.765879,0.448357,0.687252,0.62955,D6,"Leadership, Professionalism, Project Management, Ethics, and Strategic Thinking"
cap_0176,0.864236,0.883846,0.837025,0.795451,0.87655,0.876274,0.890534,0.869148,0.855808,0.790066,D7,Translational Bioinformatics
cap_0177,0.58316,0.634372,0.782574,0.52976,0.754925,0.814085,0.654917,0.643603,0.640367,0.506692,D6,"Leadership, Professionalism, Project Management, Ethics, and Strategic Thinking"
cap_0178,0.880338,0.747916,0.803297,0.42119,0.900018,0.859695,0.809916,0.812851,0.610928,0.704651,D5,"Data Analytics, Decision-Making, and Discovery"
cap_0179,0.979734,0.946125,0.933431,0.835419,0.94924,0.963279,0.9647,0.946451,0.726458,0.893701,D1,Health Sciences
cap_0180,0.745471,0.797572,0.856133,0.825431,0.884584,0.904163,0.817144,0.849123,0.616928,0.3668,D6,"Leadership, Professionalism, Project Management, Ethics, and Strategic Thinking"
cap_0181,0.856575,0.82749,0.838345,0.635968,0.916905,0.951377,0.814004,0.817697,0.789335,0.64836,D6,"Leadership, Professionalism, Project Management, Ethics, and Strategic Thinking"
cap_0182,0.880596,0.809332,0.755298,0.740573,0.90813,0.906782,0.754446,0.860678,0.721186,0.56702,D5,"Data Analytics, Decision-Making, and Discovery"
cap_0183,0.74024,0.782304,0.605473,0.72369,0.901674,0.87909,0.763608,0.755063,0.634944,0.633844,D5,"Data Analytics, Decision-Making, and Discovery"
cap_0184,0.822068,0.781209,0.781454,0.613774,0.82669,0.847262,0.852048,0.837072,0.766361,0.71347,D7,Translational Bioinformatics
cap_0185,0.624753,0.817141,0.770716,0.771833,0.778851,0.834588,0.831291,0.749462,0.727413,0.669461,D6,"Leadership, Professionalism, Project Management, Ethics, and Strategic Thinking"
cap_0186,0.887726,0.99045,0.714565,0.96054,0.978906,0.96985,0.881281,0.879523,0.744183,0.508029,D2,Health Information Science and Technology
cap_0187,0.952589,0.951463,0.894487,0.910321,0.957378,0.98331,0.949312,0.965734,0.940381,0.832528,D6,"Leadership, Professionalism, Project Management, Ethics, and Strategic Thinking"
cap_0188,0.658364,0.570862,0.679981,0.669116,0.740565,0.76122,0.746608,0.793217,0.692114,0.554355,D8,Clinical Informatics
cap_0189,0.894383,0.980391,0.907283,0.945687,0.966623,0.989014,0.857218,0.947782,0.967779,0.645134,D6,"Leadership, Professionalism, Project Management, Ethics, and Strategic Thinking"
cap_0190,0.736278,0.620759,0.623907,0.664109,0.772077,0.870244,0.651998,0.724209,0.644901,0.336708,D6,"Leadership, Professionalism, Project Management, Ethics, and Strategic Thinking"
cap_0191,0.741552,0.810207,0.816947,0.696325,0.864149,0.912661,0.767696,0.817462,0.745958,0.776299,D6,"Leadership, Professionalism, Project Management, Ethics, and Strategic Thinking"
cap_0192,0.886516,0.923333,0.872963,0.824505,0.96687,0.87244,0.916529,0.898403,0.865191,0.790615,D5,"Data Analytics, Decision-Making, and Discovery"
cap_0193,0.863355,0.842397,0.823383,0.775527,0.836786,0.913428,0.926322,0.887228,0.667645,0.728348,D7,Translational Bioinformatics
cap_0194,0.943583,0.894768,0.904929,0.896984,0.952689,0.929205,0.928132,0.978316,0.93354,0.471816,D8,Clinical Informatics
cap_0195,0.346459,0.799866,0.705233,0.647351,0.858627,0.537842,0.570638,0.553587,0.524778,0.266123,D5,"Data Analytics, Decision-Making, and Discovery"
cap_0196,0.901859,0.920266,0.789877,0.801914,0.911432,0.901827,0.886487,0.878818,0.793519,0.600638,D2,Health Information Science and Technology
cap_0197,0.758815,0.735896,0.725835,0.627617,0.879813,0.814553,0.692631,0.627498,0.636117,0.520059,D5,"Data Analytics, Decision-Making, and Discovery"
cap_0198,0.506888,0.576345,0.585448,0.361083,0.536827,0.806663,0.352288,0.484613,0.423149,0.38443,D6,"Leadership, Professionalism, Project Management, Ethics, and Strategic Thinking"
cap_0199,0.955307,0.986735,0.954114,0.975433,0.990364,0.978961,0.914164,0.971825,0.834186,0.793679,D5,"Data Analytics, Decision-Making, and Discovery"
cap_0200,0.709977,0.903326,0.875084,0.815302,0.926451,0.913491,0.935571,0.934456,0.884095,0.540884,D7,Translational Bioinformatics
cap_0201,0.590441,0.636761,0.543692,0.323849,0.707092,0.557825,0.504217,0.559978,0.415268,0.147982,D5,"Data Analytics, Decision-Making, and Discovery"
cap_0202,0.900082,0.885172,0.848633,0.791673,0.959078,0.930033,0.867897,0.935724,0.727065,0.803757,D5,"Data Analytics, Decision-Making, and Discovery"
cap_0203,0.966881,0.980738,0.905888,0.964388,0.992123,0.988476,0.990535,0.978496,0.894423,0.896205,D5,"Data Analytics, Decision-Making, and Discovery"
cap_0204,0.732801,0.821093,0.798675,0.825215,0.891976,0.834854,0.697618,0.761746,0.645148,0.754378,D5,"Data Analytics, Decision-Making, and Discovery"
cap_0205,0.837148,0.896659,0.92467,0.80274,0.93024,0.939027,0.84992,0.844031,0.816518,0.834608,D6,"Leadership, Professionalism, Project Management, Ethics, and Strategic Thinking"
cap_0206,0.75393,0.920905,0.785994,0.690779,0.772651,0.886582,0.799016,0.852509,0.806651,0.729274,D2,Health Information Science and Technology
cap_0207,0.769704,0.825265,0.551096,0.784316,0.894066,0.894336,0.854548,0.955415,0.885331,0.749454,D8,Clinical Informatics
cap_0208,0.576078,0.610873,0.471987,0.622818,0.740681,0.77798,0.653781,0.90232,0.657777,0.231746,D8,Clinical Informatics
cap_0209,0.418945,0.852529,0.629962,0.574929,0.754949,0.915444,0.326609,0.833252,0.229643,0.731121,D6,"Leadership, Professionalism, Project Management, Ethics, and Strategic Thinking"
cap_0210,0.809214,0.893935,0.874665,0.597828,0.848763,0.884057,0.782688,0.896084,0.827659,0.670511,D8,Clinical Informatics
cap_0211,0.108048,0.199697,0.076097,0.138937,0.311438,0.149588,0.127014,0.119838,0.042883,0.226362,D5,"Data Analytics, Decision-Making, and Discovery"
cap_0212,0.438007,0.547953,0.168611,0.287356,0.730853,0.653598,0.381915,0.516207,0.208873,0.249699,D5,"Data Analytics, Decision-Making, and Discovery"
cap_0213,0.028095,0.038501,0.019745,0.00634,0.033086,0.018782,0.015501,0.040862,0.022555,0.022887,D8,Clinical Informatics
cap_0214,0.946871,0.925272,0.898935,0.811865,0.93325,0.908952,0.90169,0.91345,0.909999,0.765493,D1,Health Sciences
cap_0215,0.499509,0.648855,0.573851,0.316754,0.700486,0.698204,0.533854,0.559148,0.586595,0.253813,D5,"Data Analytics, Decision-Making, and Discovery"
cap_0216,0.821437,0.850503,0.786239,0.592939,0.739295,0.87848,0.759893,0.889564,0.745493,0.837688,D8,Clinical Informatics
cap_0217,0.713212,0.843401,0.843311,0.883862,0.931423,0.943662,0.741706,0.877853,0.881001,0.538926,D6,"Leadership, Professionalism, Project Management, Ethics, and Strategic Thinking"
cap_0218,0.906637,0.898154,0.876316,0.845736,0.928829,0.933212,0.840442,0.91701,0.867691,0.814904,D6,"Leadership, Professionalism, Project Management, Ethics, and Strategic Thinking"
cap_0219,0.926126,0.963021,0.935705,0.91097,0.931381,0.975824,0.873132,0.898366,0.898427,0.843725,D6,"Leadership, Professionalism, Project Management, Ethics, and Strategic Thinking"
cap_0220,0.831221,0.928692,0.923097,0.846671,0.98125,0.889021,0.906264,0.942133,0.903745,0.869282,D5,"Data Analytics, Decision-Making, and Discovery"
cap_0221,0.88831,0.881601,0.716002,0.884327,0.825017,0.914241,0.855323,0.878601,0.850854,0.776046,D6,"Leadership, Professionalism, Project Management, Ethics, and Strategic Thinking"
cap_0222,0.674418,0.618464,0.30758,0.771998,0.761483,0.910301,0.432727,0.361701,0.114485,0.251368,D6,"Leadership, Professionalism, Project Management, Ethics, and Strategic Thinking"
cap_0223,0.799348,0.769977,0.769016,0.811405,0.806284,0.910354,0.759718,0.851544,0.82861,0.658133,D6,"Leadership, Professionalism, Project Management, Ethics, and Strategic Thinking"
cap_0224,0.816639,0.841962,0.813598,0.88513,0.867472,0.942017,0.809443,0.826044,0.753378,0.692141,D6,"Leadership, Professionalism, Project Management, Ethics, and Strategic Thinking"
cap_0225,0.943117,0.868554,0.78294,0.840747,0.930615,0.884379,0.929455,0.946411,0.885742,0.446793,D8,Clinical Informatics
cap_0226,0.939649,0.988152,0.873253,0.963334,0.986014,0.921204,0.816395,0.932853,0.921396,0.895,D2,Health Information Science and Technology
cap_0227,0.773225,0.840436,0.778516,0.817739,0.898485,0.946526,0.513078,0.84377,0.420136,0.49459,D6,"Leadership, Professionalism, Project Management, Ethics, and Strategic Thinking"
cap_0228,0.899292,0.908269,0.906389,0.840162,0.89405,0.941022,0.814749,0.875039,0.880052,0.84845,D6,"Leadership, Professionalism, Project Management, Ethics, and Strategic Thinking"
cap_0229,0.863516,0.891063,0.7824,0.925871,0.923802,0.916266,0.839886,0.906784,0.878946,0.79332,D4,Information Science and Technology
cap_0230,0.980234,0.988987,0.985786,0.987596,0.991519,0.996097,0.980068,0.994989,0.993256,0.971679,D6,"Leadership, Professionalism, Project Management, Ethics, and Strategic Thinking"
cap_0231,0.724562,0.647752,0.800448,0.703107,0.894193,0.865044,0.784967,0.852359,0.786664,0.664068,D5,"Data Analytics, Decision-Making, and Discovery"
cap_0232,0.391103,0.788583,0.659985,0.85976,0.769176,0.904739,0.616163,0.709685,0.677912,0.448917,D6,"Leadership, Professionalism, Project Management, Ethics, and Strategic Thinking"
cap_0233,0.814205,0.918712,0.791564,0.896254,0.805729,0.907568,0.759519,0.926273,0.793771,0.656925,D8,Clinical Informatics
cap_0234,0.125267,0.442186,0.213566,0.23085,0.508804,0.571787,0.303503,0.40049,0.462589,0.126301,D6,"Leadership, Professionalism, Project Management, Ethics, and Strategic Thinking"
cap_0235,0.78891,0.496744,0.553185,0.393772,0.644644,0.815458,0.555551,0.702053,0.612418,0.487693,D6,"Leadership, Professionalism, Project Management, Ethics, and Strategic Thinking"
cap_0236,0.994372,0.993844,0.983862,0.993208,0.995959,0.996779,0.978776,0.996399,0.984708,0.955521,D6,"Leadership, Professionalism, Project Management, Ethics, and Strategic Thinking"
cap_0237,0.969125,0.9089,0.912098,0.931707,0.948224,0.96885,0.946445,0.956096,0.910548,0.873883,D1,Health Sciences
cap_0238,0.943573,0.850557,0.363227,0.766973,0.920602,0.730203,0.928048,0.950421,0.88053,0.730756,D8,Clinical Informatics
cap_0239,0.981327,0.974617,0.970594,0.983238,0.993404,0.960752,0.993387,0.987225,0.976094,0.957976,D5,"Data Analytics, Decision-Making, and Discovery"
cap_0240,0.490592,0.792095,0.56357,0.468731,0.846725,0.94071,0.649716,0.693105,0.531083,0.482566,D6,"Leadership, Professionalism, Project Management, Ethics, and Strategic Thinking"
cap_0241,0.789345,0.749749,0.716244,0.501186,0.773293,0.826588,0.731568,0.885886,0.674986,0.592333,D8,Clinical Informatics
cap_0242,0.862289,0.776011,0.824042,0.748547,0.914922,0.918779,0.83988,0.862653,0.942144,0.659181,D9,Public Health Informatics
cap_0243,0.879406,0.794375,0.699385,0.690335,0.840405,0.889358,0.810111,0.881173,0.728957,0.500708,D6,"Leadership, Professionalism, Project Management, Ethics, and Strategic Thinking"
cap_0244,0.765639,0.736465,0.758782,0.635752,0.843899,0.798904,0.693709,0.707205,0.637517,0.545388,D5,"Data Analytics, Decision-Making, and Discovery"
cap_0245,0.578609,0.795069,0.81421,0.652636,0.881367,0.778836,0.80958,0.772908,0.73147,0.740916,D5,"Data Analytics, Decision-Making, and Discovery"
cap_0246,0.873776,0.812285,0.671142,0.759967,0.943951,0.851603,0.847164,0.866872,0.681121,0.345333,D5,"Data Analytics, Decision-Making, and Discovery"
cap_0247,0.867491,0.948952,0.617347,0.896605,0.91253,0.92863,0.809651,0.938899,0.765553,0.603236,D2,Health Information Science and Technology
cap_0248,0.753593,0.816567,0.78107,0.715569,0.796221,0.803905,0.727204,0.729728,0.540133,0.555077,D2,Health Information Science and Technology
cap_0249,0.883758,0.910387,0.837,0.779691,0.871819,0.912486,0.866692,0.975653,0.944135,0.605276,D8,Clinical Informatics
cap_0250,0.790406,0.653602,0.685894,0.788554,0.834055,0.822268,0.600239,0.65531,0.67127,0.537725,D5,"Data Analytics, Decision-Making, and Discovery"
cap_0251,0.855948,0.981619,0.635478,0.90657,0.950159,0.939076,0.616607,0.867303,0.495086,0.62344,D2,Health Information Science and Technology
cap_0252,0.932256,0.89701,0.787845,0.912529,0.95873,0.938233,0.88358,0.886552,0.857488,0.827817,D5,"Data Analytics, Decision-Making, and Discovery"
cap_0253,0.877513,0.871124,0.921856,0.945274,0.980932,0.970061,0.93309,0.963283,0.772817,0.603439,D5,"Data Analytics, Decision-Making, and Discovery"
cap_0254,0.84269,0.93106,0.784845,0.927529,0.906755,0.932837,0.839803,0.912128,0.809873,0.834802,D6,"Leadership, Professionalism, Project Management, Ethics, and Strategic Thinking"
cap_0255,0.936603,0.897088,0.892964,0.920757,0.957264,0.925509,0.843545,0.934636,0.845122,0.861371,D5,"Data Analytics, Decision-Making, and Discovery"
cap_0256,0.963996,0.923235,0.929307,0.671659,0.974931,0.909739,0.893221,0.968913,0.927324,0.840805,D5,"Data Analytics, Decision-Making, and Discovery"
cap_0257,0.751187,0.79418,0.761015,0.708263,0.939458,0.804126,0.696248,0.824552,0.687855,0.765018,D5,"Data Analytics, Decision-Making, and Discovery"
cap_0258,0.768176,0.556769,0.262686,0.689737,0.95239,0.964895,0.922606,0.853978,0.604271,0.489741,D6,"Leadership, Professionalism, Project Management, Ethics, and Strategic Thinking"
cap_0259,0.978487,0.91756,0.892898,0.965434,0.974274,0.981291,0.843872,0.953926,0.892279,0.772139,D6,"Leadership, Professionalism, Project Management, Ethics, and Strategic Thinking"
cap_0260,0.507066,0.937599,0.887506,0.938639,0.971465,0.96817,0.590038,0.290414,0.945653,0.716445,D5,"Data Analytics, Decision-Making, and Discovery"
cap_0261,0.80279,0.63223,0.806876,0.770566,0.886381,0.938266,0.851044,0.880534,0.771687,0.545781,D6,"Leadership, Professionalism, Project Management, Ethics, and Strategic Thinking"
cap_0262,0.67229,0.77829,0.525481,0.915104,0.95773,0.921371,0.888092,0.742355,0.580042,0.441435,D5,"Data Analytics, Decision-Making, and Discovery"
cap_0263,0.682314,0.607798,0.536616,0.395836,0.809376,0.831121,0.648195,0.629862,0.527101,0.394336,D6,"Leadership, Professionalism, Project Management, Ethics, and Strategic Thinking"
cap_0264,0.951167,0.877257,0.841519,0.946299,0.942151,0.914887,0.86412,0.940145,0.814018,0.656365,D1,Health Sciences
cap_0265,0.82675,0.761077,0.706621,0.47863,0.802358,0.808015,0.559511,0.650442,0.582905,0.471033,D1,Health Sciences
cap_0266,0.955389,0.979837,0.93514,0.970176,0.946944,0.988516,0.972168,0.981065,0.887485,0.738593,D6,"Leadership, Professionalism, Project Management, Ethics, and Strategic Thinking"
cap_0267,0.872398,0.891389,0.756226,0.888987,0.973352,0.908296,0.84695,0.893411,0.77853,0.458958,D5,"Data Analytics, Decision-Making, and Discovery"
cap_0268,0.823312,0.892636,0.900779,0.84583,0.937165,0.910135,0.817259,0.927523,0.783799,0.788693,D5,"Data Analytics, Decision-Making, and Discovery"
cap_0269,0.83273,0.917959,0.840021,0.795372,0.901374,0.87021,0.822208,0.868873,0.83954,0.721721,D2,Health Information Science and Technology
cap_0270,0.833514,0.926332,0.815792,0.881407,0.949956,0.940895,0.861456,0.925024,0.873953,0.795801,D5,"Data Analytics, Decision-Making, and Discovery"
cap_0271,0.903842,0.970341,0.86967,0.985833,0.99332,0.984524,0.923557,0.96444,0.839321,0.771808,D5,"Data Analytics, Decision-Making, and Discovery"
cap_0272,0.781107,0.942777,0.647845,0.827718,0.902808,0.931858,0.800571,0.89978,0.683511,0.64155,D2,Health Information Science and Technology
cap_0273,0.77246,0.612502,0.742336,0.595701,0.897188,0.84124,0.560998,0.745132,0.420338,0.363832,D5,"Data Analytics, Decision-Making, and Discovery"
cap_0274,0.875987,0.363831,0.084373,0.587417,0.947821,0.214632,0.587215,0.874047,0.118841,0.0951,D5,"Data Analytics, Decision-Making, and Discovery"
cap_0275,0.908718,0.817287,0.681647,0.853262,0.868766,0.887798,0.860274,0.902833,0.771706,0.779928,D1,Health Sciences
cap_0276,0.946858,0.917244,0.92515,0.936648,0.956592,0.968096,0.943,0.942128,0.95436,0.880073,D6,"Leadership, Professionalism, Project Management, Ethics, and Strategic Thinking"
cap_0277,0.933776,0.978461,0.902762,0.990149,0.987913,0.989805,0.951982,0.974487,0.838438,0.828009,D4,Information Science and Technology
cap_0278,0.635061,0.949905,0.510942,0.899586,0.970445,0.530582,0.605487,0.782957,0.77918,0.690438,D5,"Data Analytics, Decision-Making, and Discovery"
cap_0279,0.922667,0.917612,0.894638,0.915519,0.96501,0.974389,0.822265,0.932726,0.897397,0.768048,D6,"Leadership, Professionalism, Project Management, Ethics, and Strategic Thinking"
cap_0280,0.742069,0.641402,0.702035,0.649622,0.795289,0.824012,0.802062,0.766166,0.70763,0.511327,D6,"Leadership, Professionalism, Project Management, Ethics, and Strategic Thinking"
cap_0281,0.98024,0.975838,0.983675,0.970253,0.993886,0.989946,0.969558,0.972905,0.937155,0.825983,D5,"Data Analytics, Decision-Making, and Discovery"
cap_0282,0.744504,0.680772,0.582585,0.649452,0.835178,0.842786,0.6568,0.781219,0.812902,0.693698,D6,"Leadership, Professionalism, Project Management, Ethics, and Strategic Thinking"
cap_0283,0.639872,0.723016,0.649341,0.697799,0.823115,0.6907,0.700592,0.711344,0.724549,0.615665,D5,"Data Analytics, Decision-Making, and Discovery"
cap_0284,0.671296,0.713571,0.770162,0.484678,0.859379,0.889453,0.731891,0.763898,0.740122,0.477174,D6,"Leadership, Professionalism, Project Management, Ethics, and Strategic Thinking"
cap_0285,0.508465,0.233097,0.597329,0.493168,0.649273,0.712283,0.465867,0.481317,0.157247,0.215807,D6,"Leadership, Professionalism, Project Management, Ethics, and Strategic Thinking"
cap_0286,0.970086,0.953692,0.891782,0.963485,0.977289,0.928232,0.962155,0.963457,0.934594,0.912495,D5,"Data Analytics, Decision-Making, and Discovery"
cap_0287,0.913822,0.796927,0.772507,0.720798,0.9647,0.824886,0.771685,0.889944,0.578006,0.485029,D5,"Data Analytics, Decision-Making, and Discovery"
cap_0288,0.90574,0.859318,0.84197,0.729133,0.922523,0.788092,0.894698,0.934824,0.892894,0.784784,D8,Clinical Informatics
